heure_depart,duree_vol,nb_vols_jour,retards_7j_moy,compagnie,meteo_depart,retard
8.3,114.8,110.0,9.0,FlyY,Bonne,0
5.4,124.7,112.0,12.0,SkyZ,Bonne,0
9.4,135.7,105.0,12.0,FlyY,Mauvaise,0
1.1,105.0,144.0,19.0,FlyY,Bonne,0
9.1,134.5,94.0,26.0,AirX,Bonne,0
10.6,174.9,103.0,21.0,AirX,Moyenne,0
4.5,64.9,91.0,24.0,AirX,Bonne,0
18.6,197.0,158.0,43.0,SkyZ,Moyenne,1
4.3,137.6,103.0,11.0,FlyY,Bonne,0
13.7,165.7,137.0,29.0,FlyY,Bonne,0
4.9,141.9,84.0,20.0,AirX,Bonne,0
8.1,90.4,90.0,25.0,SkyZ,Bonne,0
17.9,167.3,149.0,28.0,SkyZ,Mauvaise,1
14.8,256.5,105.0,32.0,AirX,Bonne,1
2.0,168.7,174.0,9.0,AirX,Bonne,0
13.0,222.3,144.0,38.0,AirX,Bonne,1
4.1,177.0,122.0,16.0,FlyY,Bonne,0
8.5,124.4,89.0,9.0,FlyY,Moyenne,0
12.7,155.0,78.0,0.0,FlyY,Bonne,0
18.7,205.9,142.0,21.0,AirX,Moyenne,1
20.2,128.1,123.0,30.0,FlyY,Mauvaise,1
7.3,136.6,89.0,15.0,AirX,Bonne,0
10.5,78.3,97.0,13.0,AirX,Mauvaise,0
12.7,45.4,153.0,18.0,FlyY,Bonne,0
2.7,156.2,149.0,9.0,FlyY,Bonne,0
7.9,89.2,148.0,23.0,FlyY,Bonne,0
8.4,142.4,158.0,11.0,AirX,Moyenne,0
5.6,132.5,113.0,7.0,FlyY,Mauvaise,0
23.0,227.2,200.0,37.0,FlyY,Bonne,1
7.0,102.3,82.0,22.0,AirX,Moyenne,0
0.8,130.4,154.0,9.0,FlyY,Bonne,0
1.5,115.5,130.0,29.0,AirX,Bonne,0
17.3,165.0,145.0,38.0,AirX,Bonne,1
15.1,245.1,140.0,46.0,SkyZ,Mauvaise,1
17.6,188.7,116.0,29.0,SkyZ,Moyenne,1
18.2,94.9,166.0,20.0,SkyZ,Bonne,1
0.3,113.6,144.0,28.0,FlyY,Bonne,0
4.9,125.3,127.0,16.0,AirX,Bonne,0
2.2,66.1,160.0,8.0,FlyY,Bonne,0
9.0,98.2,180.0,25.0,FlyY,Bonne,0
11.1,125.5,157.0,16.0,AirX,Moyenne,0
0.7,95.9,113.0,14.0,FlyY,Bonne,0
13.8,228.1,161.0,30.0,AirX,Bonne,1
9.0,137.1,121.0,14.0,SkyZ,Bonne,0
0.0,125.6,129.0,26.0,AirX,Moyenne,0
4.3,107.9,175.0,8.0,FlyY,Moyenne,0
6.4,113.0,139.0,13.0,FlyY,Bonne,0
19.3,196.7,88.0,41.0,FlyY,Moyenne,1
12.5,157.2,132.0,3.0,FlyY,Bonne,0
16.1,146.7,132.0,5.0,AirX,Bonne,0
8.2,162.0,132.0,3.0,SkyZ,Bonne,0
6.6,95.9,103.0,12.0,FlyY,Bonne,0
14.2,191.4,63.0,6.0,SkyZ,Bonne,1
7.1,84.9,166.0,30.0,SkyZ,Mauvaise,0
11.1,183.1,133.0,11.0,FlyY,Moyenne,0
17.7,176.8,152.0,19.0,SkyZ,Moyenne,1
1.9,129.6,119.0,12.0,AirX,Bonne,0
11.6,161.6,106.0,0.0,AirX,Bonne,0
6.7,123.3,130.0,8.0,AirX,Moyenne,0
5.7,113.6,130.0,11.0,FlyY,Bonne,0
14.7,93.1,76.0,19.0,FlyY,Bonne,0
5.0,78.8,125.0,15.0,AirX,Bonne,0
4.9,103.4,163.0,25.0,SkyZ,Moyenne,0
3.8,132.7,153.0,0.0,FlyY,Bonne,0
0.0,132.0,90.0,7.0,AirX,Bonne,0
16.3,133.0,143.0,51.0,FlyY,Moyenne,1
2.8,84.6,123.0,36.0,AirX,Bonne,0
9.7,95.6,114.0,14.0,SkyZ,Bonne,0
12.8,138.4,168.0,20.0,AirX,Bonne,0
2.6,118.9,99.0,2.0,SkyZ,Bonne,0
23.0,179.9,142.0,40.0,FlyY,Moyenne,1
19.9,184.9,146.0,17.0,AirX,Bonne,1
4.0,137.4,50.0,15.0,AirX,Bonne,0
18.7,223.0,158.0,39.0,SkyZ,Moyenne,1
12.2,124.3,140.0,10.0,FlyY,Moyenne,0
15.6,137.4,200.0,43.0,FlyY,Moyenne,1
14.3,120.4,153.0,23.0,FlyY,Bonne,1
11.3,138.1,184.0,3.0,AirX,Bonne,0
11.6,139.5,104.0,13.0,FlyY,Mauvaise,0
23.0,180.0,177.0,22.0,AirX,Moyenne,1
11.3,136.8,121.0,23.0,SkyZ,Bonne,0
3.1,111.5,151.0,22.0,FlyY,Bonne,0
8.4,99.4,62.0,25.0,FlyY,Bonne,0
13.4,154.7,171.0,24.0,AirX,Mauvaise,1
10.0,74.8,80.0,15.0,FlyY,Bonne,0
3.8,86.6,123.0,17.0,FlyY,Bonne,0
5.3,103.1,128.0,18.0,FlyY,Bonne,0
7.0,57.4,120.0,33.0,FlyY,Moyenne,0
4.1,116.1,125.0,25.0,SkyZ,Moyenne,0
6.4,130.2,146.0,22.0,FlyY,Bonne,0
10.3,113.9,169.0,12.0,AirX,Moyenne,0
18.5,229.2,171.0,21.0,FlyY,Mauvaise,1
8.1,131.4,126.0,10.0,FlyY,Bonne,0
11.9,151.7,141.0,12.0,FlyY,Bonne,0
8.3,122.2,121.0,4.0,FlyY,Bonne,0
17.6,192.3,132.0,44.0,FlyY,Moyenne,1
7.2,79.0,77.0,0.0,FlyY,Bonne,0
20.0,189.2,110.0,14.0,FlyY,Moyenne,0
13.8,162.0,104.0,19.0,AirX,Moyenne,0
2.2,50.5,141.0,8.0,AirX,Bonne,0
7.6,119.9,116.0,13.0,AirX,Mauvaise,0
16.9,126.1,125.0,35.0,FlyY,Bonne,1
7.7,121.0,84.0,5.0,FlyY,Bonne,0
4.7,129.9,153.0,11.0,FlyY,Moyenne,0
0.0,154.2,116.0,13.0,SkyZ,Moyenne,0
8.3,119.7,91.0,22.0,AirX,Bonne,0
7.1,128.7,98.0,4.0,FlyY,Moyenne,0
11.0,105.1,92.0,9.0,FlyY,Mauvaise,0
8.9,147.6,106.0,15.0,AirX,Bonne,0
17.5,166.9,114.0,18.0,AirX,Mauvaise,1
16.3,144.4,161.0,35.0,AirX,Bonne,1
9.3,107.6,123.0,13.0,AirX,Bonne,0
5.7,100.8,88.0,8.0,SkyZ,Bonne,0
2.1,124.8,88.0,19.0,SkyZ,Moyenne,0
0.0,143.7,154.0,16.0,FlyY,Moyenne,0
1.9,66.2,104.0,14.0,SkyZ,Bonne,0
2.3,132.1,99.0,26.0,SkyZ,Bonne,0
2.3,134.6,150.0,19.0,AirX,Moyenne,0
4.9,77.9,155.0,17.0,SkyZ,Bonne,0
3.1,110.7,97.0,9.0,FlyY,Moyenne,0
1.5,90.4,157.0,11.0,SkyZ,Moyenne,0
4.9,134.8,154.0,6.0,SkyZ,Bonne,0
6.4,101.9,73.0,11.0,FlyY,Mauvaise,0
7.0,113.5,104.0,9.0,AirX,Bonne,0
13.6,166.4,187.0,11.0,AirX,Mauvaise,0
2.6,75.7,93.0,25.0,FlyY,Moyenne,0
18.7,170.4,92.0,37.0,SkyZ,Moyenne,1
0.0,93.3,113.0,19.0,SkyZ,Bonne,0
6.4,165.4,127.0,11.0,AirX,Moyenne,0
5.4,150.0,157.0,21.0,FlyY,Bonne,0
8.5,116.3,98.0,11.0,FlyY,Bonne,0
12.3,77.8,133.0,9.0,AirX,Bonne,0
7.9,116.5,165.0,8.0,AirX,Bonne,0
14.4,126.7,105.0,2.0,FlyY,Bonne,0
17.0,210.1,108.0,32.0,SkyZ,Moyenne,1
20.0,241.1,181.0,38.0,FlyY,Moyenne,1
8.6,102.9,121.0,23.0,FlyY,Bonne,0
4.6,48.3,103.0,22.0,FlyY,Moyenne,0
8.7,83.8,107.0,18.0,FlyY,Bonne,0
4.7,101.7,112.0,13.0,SkyZ,Moyenne,0
7.7,137.7,112.0,18.0,SkyZ,Moyenne,0
4.6,130.9,124.0,0.0,AirX,Bonne,0
21.9,238.3,98.0,31.0,FlyY,Moyenne,1
9.3,88.5,156.0,28.0,FlyY,Bonne,0
2.5,77.6,118.0,11.0,AirX,Bonne,0
23.0,149.0,91.0,25.0,AirX,Moyenne,1
10.0,120.1,140.0,24.0,FlyY,Bonne,0
11.8,167.2,200.0,34.0,FlyY,Bonne,1
6.9,191.7,126.0,14.0,AirX,Bonne,0
5.0,139.0,116.0,4.0,AirX,Moyenne,0
18.6,227.1,143.0,25.0,SkyZ,Bonne,1
15.7,77.3,59.0,21.0,AirX,Bonne,0
5.7,126.5,105.0,17.0,AirX,Moyenne,0
10.4,77.5,80.0,0.0,FlyY,Moyenne,0
10.8,146.2,114.0,22.0,SkyZ,Bonne,0
10.7,107.5,136.0,38.0,AirX,Bonne,0
8.6,127.1,99.0,16.0,FlyY,Bonne,0
22.4,197.9,184.0,28.0,FlyY,Bonne,1
8.1,108.1,92.0,21.0,AirX,Bonne,0
19.7,151.8,96.0,29.0,FlyY,Moyenne,1
7.5,84.8,112.0,13.0,FlyY,Moyenne,0
13.7,62.7,154.0,13.0,FlyY,Moyenne,0
7.3,114.6,120.0,16.0,FlyY,Bonne,0
6.5,126.6,152.0,7.0,FlyY,Moyenne,0
4.6,115.2,96.0,7.0,AirX,Bonne,0
12.4,146.6,113.0,17.0,SkyZ,Mauvaise,0
12.4,99.7,82.0,10.0,FlyY,Moyenne,0
13.5,108.8,108.0,0.0,AirX,Bonne,0
2.8,123.6,96.0,28.0,AirX,Moyenne,0
4.1,169.7,108.0,15.0,FlyY,Bonne,0
21.8,186.2,149.0,31.0,FlyY,Moyenne,1
9.5,169.2,126.0,17.0,AirX,Bonne,0
0.0,97.0,114.0,0.0,FlyY,Bonne,0
9.1,105.7,96.0,16.0,AirX,Moyenne,0
8.9,154.4,112.0,7.0,FlyY,Bonne,0
21.0,151.5,96.0,28.0,AirX,Moyenne,1
3.1,80.1,113.0,14.0,FlyY,Bonne,0
8.1,104.7,90.0,10.0,FlyY,Moyenne,0
8.4,80.7,173.0,14.0,SkyZ,Moyenne,0
0.0,105.1,148.0,2.0,AirX,Bonne,0
9.3,70.6,133.0,10.0,FlyY,Bonne,0
7.4,101.2,130.0,0.0,AirX,Bonne,0
2.5,115.2,128.0,22.0,SkyZ,Bonne,0
18.1,202.3,200.0,25.0,SkyZ,Bonne,1
0.0,84.7,105.0,35.0,AirX,Moyenne,0
-15.0,196.8,160.0,30.0,FlyY,Mauvaise,1
12.4,108.1,81.0,8.0,SkyZ,Moyenne,0
12.8,117.7,60.0,22.0,FlyY,Moyenne,0
20.1,111.3,151.0,1.0,FlyY,Moyenne,1
11.3,126.3,121.0,6.0,AirX,Moyenne,0
11.1,97.3,108.0,0.0,AirX,Bonne,0
10.0,111.2,113.0,19.0,SkyZ,Mauvaise,0
0.0,148.2,88.0,2.0,SkyZ,Moyenne,0
0.0,117.0,97.0,7.0,FlyY,Bonne,0
8.5,128.7,116.0,21.0,FlyY,Bonne,0
3.9,126.1,101.0,16.0,FlyY,Bonne,0
9.4,115.8,151.0,11.0,FlyY,Bonne,0
11.8,74.2,83.0,16.0,SkyZ,Moyenne,0
3.8,169.5,93.0,10.0,SkyZ,Bonne,0
4.5,142.0,109.0,11.0,FlyY,Bonne,0
0.0,123.1,118.0,26.0,FlyY,Mauvaise,0
7.6,109.9,114.0,14.0,AirX,Bonne,0
2.7,148.1,97.0,11.0,AirX,Bonne,0
9.7,85.4,138.0,17.0,SkyZ,Bonne,0
4.4,114.0,62.0,22.0,FlyY,Moyenne,0
14.8,150.8,95.0,15.0,AirX,Mauvaise,0
0.7,120.5,75.0,6.0,AirX,Bonne,0
8.6,141.5,122.0,12.0,FlyY,Moyenne,0
20.0,221.4,166.0,49.0,AirX,Bonne,1
16.4,181.3,126.0,32.0,AirX,Mauvaise,1
4.8,132.1,92.0,11.0,FlyY,Moyenne,0
10.9,261.7,160.0,22.0,FlyY,Moyenne,1
7.7,107.8,96.0,20.0,FlyY,Bonne,0
9.1,144.6,125.0,11.0,AirX,Mauvaise,0
13.9,192.8,144.0,38.0,FlyY,Moyenne,1
8.9,152.2,89.0,18.0,AirX,Bonne,0
20.5,223.3,134.0,26.0,FlyY,Moyenne,1
14.8,80.1,157.0,36.0,FlyY,Bonne,1
12.2,177.3,158.0,8.0,FlyY,Moyenne,1
12.0,148.4,88.0,6.0,SkyZ,Bonne,0
15.5,220.1,159.0,29.0,FlyY,Moyenne,1
7.9,103.2,98.0,21.0,FlyY,Bonne,0
5.9,129.3,68.0,13.0,AirX,Bonne,0
3.5,123.0,129.0,27.0,FlyY,Bonne,0
5.0,123.7,96.0,16.0,AirX,Bonne,0
2.4,80.0,68.0,20.0,AirX,Bonne,0
14.4,88.3,134.0,8.0,SkyZ,Bonne,0
10.4,132.5,118.0,18.0,FlyY,Bonne,0
12.1,141.2,144.0,20.0,SkyZ,Bonne,0
1.4,151.6,79.0,17.0,FlyY,Bonne,0
19.7,214.6,150.0,25.0,FlyY,Moyenne,1
10.5,120.0,127.0,7.0,FlyY,Bonne,0
5.2,164.0,131.0,11.0,FlyY,Mauvaise,0
3.2,79.4,67.0,18.0,FlyY,Moyenne,0
8.5,128.8,93.0,15.0,AirX,Moyenne,0
2.3,151.7,97.0,8.0,FlyY,Bonne,0
3.3,85.7,131.0,26.0,AirX,Moyenne,0
11.7,154.3,73.0,21.0,AirX,Bonne,0
4.8,156.5,123.0,24.0,FlyY,Bonne,0
10.0,100.9,122.0,13.0,AirX,Bonne,0
10.1,68.3,57.0,24.0,SkyZ,Moyenne,0
8.5,137.5,112.0,15.0,SkyZ,Bonne,0
6.1,91.2,141.0,27.0,SkyZ,Bonne,0
16.4,206.2,113.0,47.0,FlyY,Mauvaise,1
18.7,170.2,165.0,23.0,AirX,Moyenne,1
12.8,120.4,97.0,13.0,SkyZ,Bonne,0
4.7,112.4,95.0,15.0,FlyY,Bonne,0
4.7,144.9,121.0,7.0,SkyZ,Moyenne,0
10.1,173.3,101.0,9.0,SkyZ,Bonne,0
4.5,125.9,131.0,0.0,SkyZ,Bonne,0
7.6,161.2,106.0,22.0,AirX,Bonne,0
22.9,232.5,112.0,27.0,FlyY,Mauvaise,1
19.5,145.0,190.0,17.0,SkyZ,Moyenne,1
12.8,104.6,117.0,13.0,FlyY,Moyenne,0
9.5,246.2,129.0,47.0,AirX,Moyenne,1
8.4,157.8,95.0,9.0,FlyY,Bonne,0
8.7,138.0,103.0,10.0,SkyZ,Bonne,0
9.1,83.4,54.0,0.0,FlyY,Bonne,0
7.5,172.5,103.0,13.0,FlyY,Bonne,0
13.1,170.8,141.0,36.0,AirX,Bonne,1
9.5,87.8,119.0,9.0,FlyY,Moyenne,0
12.9,111.5,98.0,11.0,SkyZ,Moyenne,0
6.4,136.8,50.0,5.0,AirX,Moyenne,0
8.9,88.3,140.0,7.0,FlyY,Bonne,0
11.4,84.8,91.0,22.0,SkyZ,Moyenne,0
15.6,142.0,99.0,25.0,FlyY,Moyenne,1
8.0,111.2,123.0,18.0,FlyY,Bonne,0
7.5,105.9,85.0,3.0,FlyY,Moyenne,0
9.3,116.3,133.0,14.0,FlyY,Bonne,0
4.6,137.8,127.0,18.0,AirX,Bonne,0
17.9,185.1,109.0,49.0,SkyZ,Bonne,1
20.2,184.5,185.0,35.0,SkyZ,Bonne,1
5.8,96.3,115.0,15.0,SkyZ,Bonne,0
2.2,118.5,84.0,19.0,SkyZ,Moyenne,0
20.9,180.9,169.0,32.0,FlyY,Mauvaise,1
19.6,199.8,150.0,34.0,FlyY,Moyenne,1
17.1,260.0,200.0,28.0,FlyY,Moyenne,1
6.1,107.8,99.0,17.0,FlyY,Bonne,0
12.1,139.8,77.0,21.0,FlyY,Moyenne,0
3.0,127.5,80.0,13.0,FlyY,Bonne,0
20.4,234.4,151.0,30.0,SkyZ,Bonne,1
0.0,143.5,114.0,25.0,FlyY,Bonne,0
0.0,109.8,150.0,14.0,FlyY,Bonne,0
9.9,100.5,52.0,14.0,AirX,Bonne,0
5.4,93.5,99.0,0.0,FlyY,Bonne,0
19.5,102.0,78.0,37.0,AirX,Bonne,1
17.8,145.6,122.0,46.0,FlyY,Mauvaise,1
12.7,107.4,138.0,0.0,FlyY,Bonne,0
15.6,165.8,165.0,27.0,AirX,Bonne,1
9.5,111.6,110.0,14.0,FlyY,Bonne,0
18.0,207.2,143.0,13.0,AirX,Moyenne,1
10.5,84.4,133.0,20.0,AirX,Bonne,0
7.4,95.0,72.0,17.0,SkyZ,Bonne,0
20.1,174.3,191.0,35.0,FlyY,Bonne,1
4.9,128.9,127.0,15.0,AirX,Bonne,0
9.1,124.5,150.0,34.0,FlyY,Bonne,0
20.8,169.0,159.0,20.0,FlyY,Bonne,1
6.7,69.5,121.0,15.0,AirX,Bonne,0
16.4,181.8,194.0,56.0,FlyY,Bonne,1
4.6,89.6,75.0,18.0,AirX,Bonne,0
20.9,197.8,122.0,42.0,AirX,Moyenne,1
3.6,134.3,134.0,11.0,FlyY,Bonne,0
13.4,99.2,123.0,7.0,FlyY,Bonne,0
2.7,119.7,64.0,6.0,FlyY,Bonne,0
19.8,124.9,99.0,34.0,FlyY,Mauvaise,1
5.0,85.4,123.0,8.0,SkyZ,Bonne,0
12.3,123.4,141.0,12.0,FlyY,Bonne,0
12.4,158.8,165.0,17.0,FlyY,Moyenne,0
12.7,139.6,141.0,14.0,FlyY,Bonne,0
11.4,54.3,161.0,24.0,AirX,Bonne,0
9.2,114.5,121.0,18.0,FlyY,Bonne,0
20.9,124.0,171.0,28.0,AirX,Moyenne,1
4.1,82.2,139.0,23.0,AirX,Bonne,0
18.7,230.1,178.0,40.0,SkyZ,Moyenne,1
1.4,134.4,113.0,6.0,SkyZ,Mauvaise,0
6.5,129.3,95.0,13.0,FlyY,Bonne,0
11.5,98.2,50.0,11.0,FlyY,Bonne,0
1.1,78.8,156.0,16.0,AirX,Bonne,0
0.0,92.2,86.0,16.0,AirX,Bonne,0
6.1,122.1,121.0,34.0,AirX,Bonne,0
20.0,144.9,66.0,33.0,FlyY,Mauvaise,1
10.2,94.6,102.0,11.0,FlyY,Moyenne,0
5.7,160.3,154.0,13.0,FlyY,Moyenne,0
22.8,209.3,150.0,28.0,AirX,Bonne,1
5.0,121.3,130.0,20.0,SkyZ,Moyenne,0
6.8,97.9,109.0,2.0,FlyY,Mauvaise,0
14.3,180.6,106.0,35.0,FlyY,Moyenne,1
9.9,136.2,136.0,34.0,FlyY,Bonne,0
4.3,93.8,144.0,8.0,FlyY,Moyenne,0
10.3,152.1,53.0,15.0,AirX,Bonne,0
6.3,113.4,124.0,12.0,FlyY,Bonne,0
9.8,120.6,111.0,12.0,FlyY,Bonne,0
21.1,103.9,106.0,31.0,AirX,Moyenne,1
6.9,128.7,80.0,13.0,AirX,Moyenne,0
0.8,166.3,118.0,29.0,AirX,Bonne,0
18.3,137.2,183.0,53.0,AirX,Bonne,1
19.5,228.2,156.0,36.0,SkyZ,Bonne,1
1.4,171.1,112.0,12.0,FlyY,Bonne,0
2.5,144.2,97.0,15.0,FlyY,Bonne,0
11.1,135.1,122.0,16.0,AirX,Bonne,0
7.8,122.3,84.0,17.0,FlyY,Moyenne,0
6.8,77.9,111.0,19.0,FlyY,Bonne,0
4.6,98.0,65.0,12.0,AirX,Bonne,0
20.1,152.7,140.0,30.0,FlyY,Bonne,1
7.4,109.9,119.0,19.0,FlyY,Mauvaise,0
0.7,121.5,129.0,21.0,FlyY,Moyenne,0
4.4,107.3,147.0,17.0,FlyY,Moyenne,0
-15.0,113.7,137.0,18.0,AirX,Bonne,0
15.4,178.4,89.0,31.0,FlyY,Bonne,1
6.3,86.1,123.0,0.0,FlyY,Bonne,0
7.1,93.6,157.0,7.0,FlyY,Moyenne,0
5.3,90.1,131.0,29.0,SkyZ,Mauvaise,0
0.0,133.8,122.0,9.0,FlyY,Moyenne,0
5.5,126.4,87.0,29.0,AirX,Moyenne,0
17.9,170.9,200.0,21.0,AirX,Moyenne,1
3.6,147.8,105.0,11.0,FlyY,Bonne,0
20.3,111.6,193.0,31.0,AirX,Mauvaise,1
18.3,136.9,144.0,34.0,FlyY,Bonne,1
9.0,94.7,134.0,15.0,SkyZ,Bonne,0
6.1,92.1,200.0,6.0,FlyY,Bonne,0
8.7,135.9,170.0,9.0,FlyY,Bonne,0
18.9,262.7,101.0,42.0,FlyY,Bonne,1
20.5,243.3,139.0,30.0,FlyY,Bonne,1
4.6,73.2,140.0,18.0,FlyY,Bonne,0
-15.0,74.2,100.0,8.0,SkyZ,Bonne,0
0.5,180.7,153.0,9.0,FlyY,Bonne,0
8.7,100.2,129.0,12.0,SkyZ,Bonne,0
1.7,141.7,154.0,36.0,SkyZ,Bonne,0
9.8,153.4,82.0,20.0,AirX,Bonne,0
16.1,206.4,186.0,36.0,AirX,Moyenne,1
8.7,153.6,99.0,20.0,AirX,Moyenne,0
1.0,92.5,155.0,14.0,AirX,Moyenne,0
10.0,142.9,86.0,17.0,AirX,Moyenne,0
6.5,94.5,92.0,7.0,FlyY,Bonne,0
11.9,112.2,95.0,14.0,AirX,Moyenne,0
6.2,136.2,122.0,5.0,FlyY,Bonne,0
7.8,71.7,94.0,0.0,SkyZ,Bonne,0
18.8,227.7,123.0,25.0,AirX,Moyenne,1
3.8,133.1,106.0,9.0,SkyZ,Bonne,0
2.8,132.8,64.0,11.0,AirX,Moyenne,0
13.7,115.2,100.0,20.0,AirX,Moyenne,0
9.5,131.3,120.0,24.0,FlyY,Moyenne,0
20.7,166.0,81.0,24.0,FlyY,Mauvaise,1
6.2,75.1,156.0,13.0,SkyZ,Bonne,0
13.4,152.2,93.0,14.0,FlyY,Bonne,0
19.3,209.6,200.0,8.0,SkyZ,Bonne,1
4.8,139.8,83.0,20.0,AirX,Bonne,0
20.5,180.9,197.0,15.0,AirX,Moyenne,1
0.0,152.8,71.0,19.0,FlyY,Moyenne,0
0.0,129.3,79.0,12.0,SkyZ,Moyenne,0
7.4,126.2,93.0,22.0,SkyZ,Bonne,0
4.9,104.3,92.0,22.0,FlyY,Bonne,0
9.6,140.5,113.0,7.0,FlyY,Bonne,0
10.7,117.3,110.0,20.0,FlyY,Bonne,0
6.9,76.3,102.0,4.0,FlyY,Moyenne,0
20.1,155.5,148.0,42.0,SkyZ,Bonne,1
6.8,99.1,86.0,12.0,SkyZ,Bonne,0
1.6,173.0,125.0,4.0,FlyY,Bonne,0
7.4,160.1,145.0,4.0,FlyY,Moyenne,0
14.9,171.9,149.0,37.0,FlyY,Moyenne,1
4.0,148.7,98.0,18.0,AirX,Bonne,0
22.5,195.3,137.0,25.0,SkyZ,Bonne,1
13.5,138.6,51.0,24.0,FlyY,Bonne,0
0.0,142.4,119.0,18.0,SkyZ,Bonne,0
5.5,162.2,79.0,4.0,FlyY,Moyenne,0
6.5,100.4,50.0,28.0,SkyZ,Moyenne,0
9.1,142.1,117.0,17.0,FlyY,Bonne,0
2.8,44.0,108.0,14.0,AirX,Bonne,0
9.9,112.4,135.0,12.0,SkyZ,Mauvaise,0
9.0,138.8,78.0,3.0,AirX,Bonne,0
16.0,155.2,180.0,30.0,FlyY,Moyenne,1
6.3,116.7,154.0,9.0,SkyZ,Bonne,0
7.8,133.8,154.0,10.0,SkyZ,Bonne,0
2.8,109.4,78.0,23.0,FlyY,Bonne,0
13.7,104.7,137.0,29.0,FlyY,Bonne,0
5.0,159.8,86.0,18.0,FlyY,Mauvaise,0
9.6,151.6,114.0,21.0,AirX,Bonne,0
2.8,119.2,96.0,21.0,FlyY,Bonne,0
9.8,106.6,125.0,12.0,FlyY,Bonne,0
5.6,108.8,86.0,0.0,FlyY,Bonne,0
7.8,128.9,77.0,22.0,FlyY,Bonne,0
11.7,98.3,96.0,0.0,FlyY,Bonne,0
22.6,189.0,168.0,27.0,AirX,Moyenne,1
8.6,111.7,118.0,19.0,FlyY,Bonne,0
17.7,199.4,139.0,46.0,AirX,Bonne,1
1.9,108.6,142.0,15.0,FlyY,Mauvaise,0
14.1,122.8,84.0,13.0,FlyY,Bonne,0
17.5,167.0,164.0,28.0,SkyZ,Mauvaise,1
0.0,118.5,77.0,20.0,FlyY,Bonne,0
3.8,131.0,93.0,22.0,AirX,Moyenne,0
8.2,111.1,71.0,26.0,AirX,Moyenne,0
20.4,157.6,51.0,44.0,FlyY,Moyenne,1
0.0,173.2,78.0,24.0,FlyY,Mauvaise,0
17.6,225.1,119.0,22.0,AirX,Bonne,1
17.9,164.4,158.0,32.0,AirX,Mauvaise,1
7.0,75.6,100.0,4.0,FlyY,Bonne,0
9.9,124.9,137.0,15.0,AirX,Bonne,0
4.4,204.7,75.0,15.0,SkyZ,Bonne,0
12.4,115.5,130.0,15.0,FlyY,Bonne,0
4.7,75.2,153.0,11.0,AirX,Bonne,0
6.3,84.6,116.0,24.0,AirX,Bonne,0
5.4,97.6,112.0,20.0,SkyZ,Bonne,0
17.3,99.2,169.0,54.0,FlyY,Moyenne,1
3.9,177.0,118.0,7.0,FlyY,Moyenne,0
8.6,130.9,125.0,13.0,SkyZ,Bonne,0
9.2,62.9,102.0,29.0,SkyZ,Bonne,0
4.6,110.4,50.0,4.0,SkyZ,Bonne,0
6.4,121.3,146.0,13.0,FlyY,Bonne,0
5.9,158.8,173.0,5.0,FlyY,Bonne,0
0.0,131.0,103.0,17.0,AirX,Bonne,0
3.1,51.9,109.0,8.0,FlyY,Bonne,0
19.7,166.7,132.0,39.0,FlyY,Mauvaise,1
9.1,102.4,109.0,9.0,FlyY,Bonne,0
7.8,71.3,172.0,14.0,SkyZ,Bonne,0
3.7,77.7,126.0,0.0,AirX,Bonne,0
8.8,182.9,111.0,20.0,FlyY,Bonne,0
14.8,110.1,64.0,30.0,AirX,Bonne,0
5.9,116.8,200.0,13.0,FlyY,Moyenne,0
4.4,131.4,136.0,30.0,AirX,Bonne,0
0.0,109.2,196.0,13.0,AirX,Bonne,0
22.3,142.2,159.0,31.0,AirX,Mauvaise,1
3.7,125.3,78.0,13.0,FlyY,Moyenne,0
8.1,100.5,107.0,30.0,FlyY,Moyenne,0
18.5,234.5,142.0,29.0,FlyY,Bonne,1
20.5,206.9,200.0,13.0,SkyZ,Moyenne,1
8.4,84.1,70.0,0.0,FlyY,Bonne,0
4.8,63.9,127.0,8.0,AirX,Bonne,0
1.5,66.1,50.0,11.0,SkyZ,Bonne,0
4.5,82.8,144.0,4.0,AirX,Bonne,0
4.4,99.1,95.0,12.0,SkyZ,Bonne,0
7.8,79.2,152.0,19.0,AirX,Bonne,0
15.5,192.9,66.0,44.0,SkyZ,Mauvaise,1
1.0,78.3,101.0,14.0,AirX,Mauvaise,0
6.1,141.5,73.0,3.0,SkyZ,Moyenne,0
11.0,150.7,99.0,0.0,FlyY,Bonne,0
6.4,151.8,88.0,12.0,SkyZ,Moyenne,0
0.0,96.5,168.0,16.0,AirX,Bonne,0
6.1,93.2,139.0,0.0,FlyY,Moyenne,0
2.6,124.9,83.0,14.0,SkyZ,Bonne,0
20.0,186.7,191.0,34.0,FlyY,Moyenne,1
3.8,115.3,99.0,38.0,FlyY,Bonne,0
11.9,72.6,152.0,33.0,FlyY,Moyenne,0
20.3,168.3,136.0,42.0,FlyY,Mauvaise,1
4.6,155.0,65.0,3.0,FlyY,Bonne,0
7.1,141.1,99.0,17.0,FlyY,Bonne,0
16.7,262.2,122.0,51.0,SkyZ,Mauvaise,1
1.5,138.1,139.0,9.0,AirX,Bonne,0
10.9,120.0,136.0,0.0,AirX,Moyenne,0
16.1,191.7,108.0,35.0,SkyZ,Bonne,1
3.0,168.7,175.0,18.0,SkyZ,Bonne,0
4.7,135.0,138.0,23.0,FlyY,Bonne,0
10.5,125.1,150.0,5.0,FlyY,Bonne,0
2.3,100.1,84.0,4.0,AirX,Moyenne,0
11.6,94.9,113.0,19.0,AirX,Bonne,0
11.4,124.1,174.0,21.0,FlyY,Bonne,0
8.0,132.0,190.0,13.0,FlyY,Bonne,0
7.5,103.4,120.0,15.0,FlyY,Bonne,0
0.5,107.3,130.0,8.0,AirX,Moyenne,0
18.2,151.4,155.0,36.0,SkyZ,Mauvaise,1
10.8,156.6,181.0,12.0,SkyZ,Bonne,0
5.3,52.8,115.0,22.0,FlyY,Moyenne,0
5.5,145.6,125.0,27.0,FlyY,Moyenne,0
11.1,166.1,129.0,34.0,FlyY,Bonne,0
18.5,169.1,121.0,41.0,SkyZ,Mauvaise,1
16.5,166.3,169.0,37.0,FlyY,Bonne,1
13.8,96.9,77.0,8.0,AirX,Bonne,0
22.0,182.2,133.0,32.0,SkyZ,Moyenne,1
6.6,110.0,106.0,3.0,SkyZ,Bonne,0
6.8,132.0,122.0,21.0,SkyZ,Moyenne,0
2.4,122.6,122.0,9.0,FlyY,Moyenne,0
7.9,135.3,93.0,12.0,FlyY,Bonne,0
9.1,98.2,146.0,5.0,FlyY,Moyenne,0
3.5,74.0,101.0,8.0,SkyZ,Bonne,0
6.5,124.4,92.0,17.0,SkyZ,Bonne,0
3.9,76.8,140.0,8.0,AirX,Moyenne,0
14.5,121.0,91.0,6.0,AirX,Mauvaise,0
4.7,35.0,150.0,0.0,FlyY,Bonne,0
7.3,108.8,71.0,17.0,SkyZ,Bonne,0
-15.0,105.3,97.0,9.0,SkyZ,Moyenne,0
20.2,197.9,144.0,21.0,AirX,Moyenne,1
13.3,102.4,181.0,17.0,FlyY,Moyenne,1
11.5,115.4,110.0,19.0,FlyY,Bonne,0
7.5,79.7,103.0,33.0,SkyZ,Bonne,0
10.9,110.8,63.0,31.0,SkyZ,Bonne,0
4.0,153.7,127.0,7.0,SkyZ,Moyenne,0
21.2,136.9,126.0,40.0,FlyY,Bonne,1
6.4,104.7,104.0,3.0,FlyY,Bonne,0
4.8,87.1,184.0,30.0,AirX,Mauvaise,0
-15.0,184.8,59.0,11.0,AirX,Bonne,0
15.3,114.3,150.0,18.0,SkyZ,Mauvaise,1
12.5,134.0,139.0,1.0,SkyZ,Moyenne,0
1.3,131.8,140.0,10.0,SkyZ,Moyenne,0
5.5,151.3,114.0,23.0,SkyZ,Bonne,0
4.0,130.8,109.0,7.0,FlyY,Bonne,0
20.8,206.4,134.0,34.0,FlyY,Moyenne,1
19.6,205.7,91.0,40.0,SkyZ,Moyenne,1
5.6,65.9,148.0,0.0,SkyZ,Moyenne,0
3.0,110.1,157.0,21.0,AirX,Bonne,0
8.2,124.5,96.0,31.0,FlyY,Moyenne,0
5.6,142.3,112.0,6.0,AirX,Moyenne,0
18.3,176.9,134.0,20.0,SkyZ,Moyenne,1
2.2,121.7,118.0,16.0,FlyY,Moyenne,0
21.1,206.6,114.0,27.0,AirX,Moyenne,1
6.0,164.0,130.0,18.0,FlyY,Moyenne,0
9.7,98.3,105.0,8.0,FlyY,Bonne,0
10.8,153.8,57.0,23.0,FlyY,Bonne,0
10.4,182.2,91.0,21.0,AirX,Bonne,0
16.3,104.1,144.0,14.0,FlyY,Bonne,0
7.0,77.2,101.0,25.0,FlyY,Bonne,0
12.6,123.3,155.0,4.0,FlyY,Bonne,0
5.8,111.6,100.0,12.0,FlyY,Bonne,0
3.3,116.6,111.0,14.0,SkyZ,Bonne,0
7.3,70.4,84.0,14.0,FlyY,Moyenne,0
1.6,142.0,53.0,13.0,FlyY,Mauvaise,0
0.8,167.2,98.0,22.0,SkyZ,Bonne,0
22.2,251.5,141.0,7.0,FlyY,Mauvaise,1
5.3,129.4,95.0,18.0,AirX,Bonne,0
6.3,153.0,126.0,16.0,AirX,Bonne,0
18.2,169.7,103.0,43.0,FlyY,Bonne,1
4.9,116.2,128.0,25.0,FlyY,Bonne,0
1.3,119.9,162.0,7.0,FlyY,Moyenne,0
15.3,212.4,154.0,17.0,AirX,Moyenne,1
13.7,128.4,182.0,37.0,AirX,Bonne,1
6.7,129.2,102.0,16.0,AirX,Bonne,0
6.6,100.4,104.0,23.0,FlyY,Bonne,0
9.0,113.1,81.0,8.0,FlyY,Bonne,0
18.4,202.9,120.0,16.0,FlyY,Bonne,1
4.5,41.5,71.0,4.0,FlyY,Bonne,0
5.7,135.5,100.0,14.0,SkyZ,Moyenne,0
13.8,216.1,177.0,21.0,FlyY,Mauvaise,1
5.2,121.0,137.0,22.0,FlyY,Bonne,0
14.7,155.2,97.0,20.0,FlyY,Mauvaise,1
11.0,139.7,111.0,27.0,FlyY,Bonne,0
3.6,105.5,131.0,10.0,FlyY,Bonne,0
5.7,205.8,124.0,6.0,SkyZ,Bonne,0
6.0,128.8,136.0,0.0,SkyZ,Moyenne,0
5.7,77.0,119.0,26.0,AirX,Mauvaise,0
7.4,92.8,144.0,20.0,SkyZ,Moyenne,0
8.5,67.7,87.0,6.0,FlyY,Bonne,0
11.3,112.3,153.0,19.0,AirX,Moyenne,0
12.7,88.8,154.0,20.0,FlyY,Bonne,0
0.0,130.2,105.0,14.0,SkyZ,Moyenne,0
10.2,114.1,150.0,19.0,FlyY,Bonne,0
9.3,133.8,161.0,25.0,FlyY,Bonne,0
10.3,104.1,100.0,8.0,FlyY,Bonne,0
0.0,114.7,117.0,12.0,AirX,Moyenne,0
3.7,138.5,128.0,6.0,AirX,Bonne,0
5.9,77.9,112.0,24.0,AirX,Moyenne,0
12.6,162.6,105.0,21.0,AirX,Bonne,0
12.9,114.2,122.0,25.0,AirX,Moyenne,0
1.7,141.9,133.0,15.0,AirX,Moyenne,0
7.6,154.7,97.0,7.0,FlyY,Moyenne,0
12.6,195.0,136.0,26.0,AirX,Bonne,1
13.4,123.1,158.0,13.0,FlyY,Bonne,0
8.1,59.0,78.0,19.0,SkyZ,Bonne,0
5.0,101.8,62.0,29.0,FlyY,Moyenne,0
7.2,106.6,135.0,19.0,FlyY,Bonne,0
3.8,125.6,91.0,17.0,AirX,Bonne,0
10.9,153.8,110.0,15.0,AirX,Bonne,0
11.4,191.0,72.0,13.0,AirX,Bonne,0
7.8,87.3,111.0,27.0,AirX,Moyenne,0
0.7,133.7,103.0,9.0,AirX,Bonne,0
16.8,153.1,155.0,27.0,AirX,Moyenne,1
2.6,173.9,89.0,10.0,AirX,Bonne,0
14.2,138.7,169.0,20.0,AirX,Bonne,0
16.4,252.7,106.0,45.0,FlyY,Bonne,1
8.2,111.7,130.0,12.0,AirX,Bonne,0
4.1,92.3,77.0,13.0,FlyY,Bonne,0
20.1,232.6,195.0,31.0,FlyY,Moyenne,1
10.7,143.3,116.0,8.0,FlyY,Bonne,0
4.8,117.1,82.0,5.0,AirX,Moyenne,0
0.0,99.1,129.0,9.0,FlyY,Bonne,0
8.9,159.4,143.0,6.0,FlyY,Bonne,0
21.6,174.1,72.0,16.0,AirX,Moyenne,1
2.3,118.6,103.0,20.0,SkyZ,Bonne,0
12.7,128.5,56.0,19.0,SkyZ,Bonne,0
6.7,151.0,133.0,6.0,AirX,Bonne,0
5.0,155.9,91.0,13.0,AirX,Bonne,0
14.1,105.9,121.0,26.0,SkyZ,Moyenne,0
10.2,130.0,200.0,7.0,FlyY,Bonne,0
5.4,74.6,91.0,20.0,AirX,Moyenne,0
15.1,200.7,132.0,28.0,AirX,Moyenne,1
3.9,114.1,70.0,24.0,FlyY,Bonne,0
15.3,124.7,140.0,13.0,FlyY,Mauvaise,0
13.7,128.7,50.0,7.0,FlyY,Bonne,0
6.9,121.0,50.0,6.0,FlyY,Mauvaise,0
10.3,113.5,145.0,13.0,FlyY,Bonne,0
11.8,120.3,117.0,13.0,FlyY,Moyenne,0
5.3,153.5,151.0,2.0,AirX,Bonne,0
6.2,162.0,161.0,28.0,AirX,Bonne,0
21.7,190.5,90.0,9.0,FlyY,Moyenne,1
15.3,207.8,137.0,17.0,SkyZ,Moyenne,1
1.3,170.8,50.0,11.0,FlyY,Bonne,0
0.0,75.6,115.0,11.0,FlyY,Bonne,0
14.3,103.4,93.0,15.0,AirX,Moyenne,0
17.5,162.6,165.0,22.0,FlyY,Moyenne,1
18.3,160.6,166.0,14.0,FlyY,Mauvaise,1
4.7,112.3,96.0,10.0,AirX,Moyenne,0
15.4,180.5,139.0,34.0,AirX,Mauvaise,1
17.1,90.2,81.0,9.0,FlyY,Moyenne,0
0.1,97.1,115.0,22.0,AirX,Bonne,0
3.7,175.4,173.0,17.0,FlyY,Bonne,0
11.1,96.5,136.0,23.0,AirX,Moyenne,0
1.6,106.3,75.0,8.0,FlyY,Moyenne,0
4.1,54.1,89.0,15.0,AirX,Bonne,0
18.5,147.4,98.0,48.0,SkyZ,Bonne,1
17.7,132.3,151.0,32.0,FlyY,Mauvaise,1
4.2,103.8,93.0,6.0,FlyY,Bonne,0
13.6,191.0,200.0,36.0,FlyY,Bonne,1
14.5,165.7,120.0,21.0,FlyY,Bonne,1
12.4,142.0,93.0,8.0,AirX,Bonne,0
11.3,81.4,82.0,35.0,FlyY,Bonne,0
17.9,208.6,161.0,25.0,FlyY,Bonne,1
7.1,86.1,113.0,6.0,FlyY,Bonne,0
10.4,111.4,150.0,13.0,FlyY,Moyenne,0
5.3,148.9,154.0,23.0,AirX,Bonne,0
11.3,100.9,108.0,23.0,AirX,Moyenne,0
1.1,99.9,85.0,1.0,FlyY,Moyenne,0
14.2,120.1,97.0,21.0,FlyY,Bonne,0
21.4,189.3,167.0,27.0,FlyY,Moyenne,1
9.1,105.6,114.0,14.0,FlyY,Bonne,0
23.0,226.6,197.0,30.0,SkyZ,Moyenne,1
21.0,151.3,200.0,49.0,FlyY,Bonne,1
5.9,99.8,77.0,11.0,AirX,Moyenne,0
23.0,219.8,130.0,41.0,AirX,Moyenne,1
4.5,111.1,138.0,11.0,AirX,Bonne,0
19.2,163.4,121.0,22.0,AirX,Bonne,1
9.9,113.0,136.0,21.0,AirX,Moyenne,0
12.4,146.1,178.0,19.0,AirX,Moyenne,0
6.9,94.4,154.0,15.0,AirX,Bonne,0
0.5,123.2,102.0,12.0,AirX,Moyenne,0
2.4,129.7,74.0,11.0,SkyZ,Bonne,0
3.1,99.1,122.0,13.0,AirX,Moyenne,0
0.0,96.5,138.0,12.0,FlyY,Bonne,0
13.4,103.6,177.0,41.0,FlyY,Moyenne,1
11.2,129.7,119.0,1.0,SkyZ,Bonne,0
6.9,149.5,167.0,19.0,AirX,Bonne,0
18.7,142.4,137.0,28.0,FlyY,Bonne,1
0.0,146.3,155.0,24.0,SkyZ,Bonne,0
10.2,181.8,132.0,14.0,SkyZ,Bonne,0
12.0,102.1,82.0,0.0,SkyZ,Bonne,0
7.2,146.0,101.0,28.0,AirX,Moyenne,0
11.8,118.0,197.0,2.0,AirX,Bonne,0
6.1,116.2,118.0,13.0,FlyY,Bonne,0
5.4,125.3,57.0,24.0,SkyZ,Bonne,0
12.3,91.5,147.0,12.0,FlyY,Bonne,0
16.9,199.0,174.0,25.0,FlyY,Bonne,1
5.1,118.7,155.0,0.0,AirX,Bonne,0
9.5,103.1,117.0,21.0,FlyY,Bonne,0
5.4,135.5,95.0,10.0,AirX,Bonne,0
12.4,70.4,108.0,11.0,FlyY,Bonne,0
8.2,134.3,133.0,0.0,FlyY,Bonne,0
4.0,143.6,143.0,10.0,FlyY,Bonne,0
11.7,96.7,89.0,12.0,AirX,Bonne,0
17.8,132.5,200.0,30.0,AirX,Mauvaise,1
11.3,121.2,100.0,13.0,FlyY,Bonne,0
9.4,100.8,147.0,9.0,AirX,Moyenne,0
8.3,109.2,137.0,8.0,FlyY,Bonne,0
9.7,60.6,102.0,34.0,AirX,Moyenne,0
6.7,149.7,137.0,17.0,FlyY,Moyenne,0
6.6,167.2,138.0,16.0,FlyY,Bonne,0
18.8,239.6,106.0,42.0,AirX,Mauvaise,1
5.5,172.2,118.0,1.0,FlyY,Bonne,0
11.4,51.8,109.0,40.0,AirX,Bonne,0
14.6,245.6,188.0,38.0,AirX,Moyenne,1
4.5,158.6,107.0,17.0,SkyZ,Moyenne,0
3.0,114.4,104.0,10.0,FlyY,Bonne,0
6.5,120.5,57.0,3.0,SkyZ,Bonne,0
4.1,149.0,143.0,18.0,AirX,Bonne,0
20.2,252.8,147.0,36.0,FlyY,Bonne,1
16.8,120.1,91.0,23.0,FlyY,Moyenne,0
6.4,100.3,141.0,16.0,FlyY,Bonne,0
3.7,134.4,107.0,14.0,FlyY,Bonne,0
12.7,98.9,83.0,14.0,FlyY,Bonne,0
10.1,117.6,114.0,15.0,FlyY,Bonne,0
12.0,88.3,147.0,23.0,SkyZ,Bonne,0
6.9,78.3,108.0,14.0,SkyZ,Moyenne,0
3.7,88.2,94.0,24.0,SkyZ,Mauvaise,0
4.9,116.0,83.0,31.0,AirX,Moyenne,0
2.8,90.8,101.0,9.0,FlyY,Bonne,0
0.0,164.0,91.0,5.0,SkyZ,Moyenne,0
9.5,116.5,101.0,17.0,AirX,Moyenne,0
9.8,109.1,151.0,16.0,AirX,Moyenne,0
16.5,161.9,122.0,17.0,FlyY,Bonne,0
0.0,170.2,116.0,12.0,FlyY,Bonne,0
5.2,89.5,90.0,5.0,SkyZ,Bonne,0
12.7,163.5,77.0,8.0,AirX,Bonne,0
2.2,178.3,92.0,20.0,FlyY,Bonne,0
4.8,109.9,161.0,9.0,AirX,Bonne,0
7.8,121.7,103.0,0.0,AirX,Bonne,0
14.9,131.2,142.0,22.0,AirX,Moyenne,0
5.7,129.4,128.0,22.0,SkyZ,Bonne,0
7.3,101.4,89.0,41.0,FlyY,Bonne,0
8.5,161.0,96.0,20.0,FlyY,Mauvaise,0
6.3,149.5,108.0,20.0,FlyY,Mauvaise,0
11.2,122.9,108.0,18.0,SkyZ,Moyenne,0
0.0,96.9,158.0,8.0,FlyY,Mauvaise,0
2.5,150.9,61.0,19.0,SkyZ,Bonne,0
14.5,123.8,156.0,18.0,FlyY,Mauvaise,1
5.2,128.8,92.0,15.0,FlyY,Bonne,0
9.5,144.2,116.0,33.0,FlyY,Bonne,0
10.1,105.5,152.0,13.0,FlyY,Bonne,0
8.9,89.3,83.0,23.0,FlyY,Bonne,0
4.5,79.6,97.0,15.0,FlyY,Bonne,0
2.4,89.8,126.0,18.0,AirX,Moyenne,0
20.8,167.8,107.0,43.0,SkyZ,Moyenne,1
13.9,120.8,142.0,11.0,FlyY,Bonne,0
6.1,128.9,98.0,13.0,FlyY,Bonne,0
4.5,120.7,50.0,14.0,SkyZ,Moyenne,0
16.5,265.0,53.0,28.0,FlyY,Moyenne,1
7.5,114.5,135.0,8.0,AirX,Bonne,0
3.8,105.0,167.0,34.0,SkyZ,Moyenne,0
5.1,116.0,74.0,17.0,FlyY,Bonne,0
10.9,72.4,120.0,19.0,FlyY,Bonne,0
3.8,114.4,133.0,13.0,AirX,Mauvaise,0
12.0,138.5,118.0,11.0,FlyY,Bonne,0
2.7,58.5,104.0,15.0,FlyY,Bonne,0
10.2,160.5,147.0,19.0,FlyY,Moyenne,0
3.1,155.5,124.0,17.0,SkyZ,Moyenne,0
0.9,85.4,141.0,17.0,FlyY,Bonne,0
6.9,115.8,99.0,25.0,AirX,Bonne,0
8.5,68.4,104.0,5.0,FlyY,Bonne,0
4.7,131.4,97.0,3.0,AirX,Moyenne,0
0.0,119.1,98.0,4.0,FlyY,Bonne,0
9.7,76.4,114.0,22.0,AirX,Bonne,0
19.2,186.8,120.0,36.0,FlyY,Mauvaise,1
6.6,99.8,158.0,23.0,FlyY,Bonne,0
6.5,104.7,130.0,8.0,SkyZ,Bonne,0
4.1,118.7,105.0,15.0,FlyY,Bonne,0
3.8,108.3,160.0,6.0,SkyZ,Moyenne,0
13.0,100.7,88.0,11.0,AirX,Bonne,0
17.9,145.3,148.0,19.0,SkyZ,Bonne,0
8.6,141.4,86.0,13.0,AirX,Moyenne,0
2.6,109.2,158.0,0.0,FlyY,Bonne,0
7.4,126.6,154.0,1.0,FlyY,Bonne,0
11.4,108.5,113.0,19.0,AirX,Bonne,0
5.7,74.3,124.0,17.0,AirX,Bonne,0
4.3,139.9,142.0,20.0,FlyY,Bonne,0
16.5,98.0,126.0,17.0,FlyY,Bonne,1
3.6,97.7,109.0,0.0,FlyY,Bonne,0
3.5,148.2,138.0,29.0,FlyY,Bonne,0
5.0,136.3,108.0,13.0,FlyY,Moyenne,0
16.2,208.2,178.0,46.0,AirX,Mauvaise,1
21.1,123.6,166.0,39.0,FlyY,Moyenne,1
2.5,114.1,131.0,15.0,AirX,Moyenne,0
4.1,93.7,125.0,4.0,SkyZ,Bonne,0
8.3,136.5,95.0,7.0,FlyY,Mauvaise,0
6.3,163.1,120.0,15.0,FlyY,Bonne,0
13.7,243.0,120.0,31.0,FlyY,Mauvaise,1
5.4,120.1,119.0,2.0,SkyZ,Mauvaise,0
9.1,88.3,169.0,12.0,AirX,Moyenne,0
12.7,128.8,137.0,26.0,FlyY,Mauvaise,0
8.3,104.0,136.0,21.0,FlyY,Bonne,0
1.4,81.1,154.0,21.0,FlyY,Bonne,0
9.4,116.4,159.0,27.0,AirX,Bonne,0
10.6,113.9,106.0,19.0,SkyZ,Bonne,0
9.4,100.9,125.0,24.0,SkyZ,Bonne,0
-15.0,198.2,121.0,15.0,FlyY,Moyenne,0
4.4,95.3,114.0,0.0,FlyY,Mauvaise,0
7.3,155.8,75.0,12.0,SkyZ,Bonne,0
12.5,198.1,104.0,44.0,FlyY,Moyenne,1
22.9,103.1,170.0,28.0,AirX,Mauvaise,1
5.4,104.3,130.0,23.0,FlyY,Mauvaise,0
19.8,214.1,133.0,33.0,FlyY,Mauvaise,1
11.7,89.5,104.0,22.0,FlyY,Bonne,0
19.9,169.2,158.0,22.0,FlyY,Mauvaise,1
17.8,112.8,133.0,33.0,SkyZ,Moyenne,1
3.4,122.1,95.0,12.0,SkyZ,Bonne,0
5.8,82.1,144.0,9.0,FlyY,Bonne,0
0.0,136.3,177.0,16.0,AirX,Moyenne,0
4.4,158.2,91.0,21.0,SkyZ,Bonne,0
22.6,256.1,200.0,21.0,SkyZ,Moyenne,1
5.6,128.9,101.0,14.0,AirX,Moyenne,0
12.1,118.3,119.0,19.0,SkyZ,Bonne,0
0.4,63.2,134.0,13.0,SkyZ,Bonne,0
22.0,175.2,103.0,25.0,FlyY,Moyenne,1
2.5,104.3,187.0,25.0,FlyY,Bonne,0
8.3,136.9,109.0,19.0,FlyY,Bonne,0
18.0,165.2,142.0,23.0,AirX,Bonne,1
15.9,198.7,196.0,42.0,FlyY,Bonne,1
12.2,135.8,63.0,12.0,SkyZ,Mauvaise,0
9.4,160.4,110.0,26.0,AirX,Bonne,0
10.4,39.0,80.0,16.0,FlyY,Moyenne,0
1.2,133.3,127.0,7.0,FlyY,Bonne,0
10.2,135.3,150.0,8.0,FlyY,Bonne,0
12.4,183.0,114.0,32.0,SkyZ,Moyenne,0
5.5,164.8,101.0,9.0,FlyY,Moyenne,0
11.1,108.6,103.0,24.0,FlyY,Bonne,0
9.6,125.5,116.0,25.0,FlyY,Bonne,0
7.3,68.5,87.0,11.0,FlyY,Bonne,0
23.0,148.1,158.0,35.0,AirX,Bonne,1
11.8,119.3,164.0,22.0,FlyY,Moyenne,0
23.0,214.7,200.0,25.0,AirX,Bonne,1
6.3,141.4,153.0,20.0,AirX,Bonne,0
13.0,146.7,108.0,9.0,FlyY,Bonne,0
16.9,233.8,124.0,23.0,FlyY,Mauvaise,1
20.9,210.2,143.0,28.0,SkyZ,Mauvaise,1
0.0,115.9,81.0,15.0,FlyY,Bonne,0
18.2,257.0,111.0,39.0,FlyY,Moyenne,1
0.8,77.9,112.0,33.0,FlyY,Bonne,0
6.3,112.2,126.0,16.0,AirX,Bonne,0
4.5,98.8,76.0,16.0,FlyY,Moyenne,0
14.5,204.5,128.0,32.0,AirX,Mauvaise,1
18.5,140.3,154.0,32.0,SkyZ,Mauvaise,1
11.0,128.1,96.0,29.0,AirX,Bonne,0
4.5,96.2,53.0,16.0,FlyY,Bonne,0
11.5,163.2,128.0,23.0,AirX,Moyenne,0
1.2,127.1,55.0,13.0,SkyZ,Bonne,0
4.9,139.8,111.0,15.0,FlyY,Bonne,0
11.6,154.9,128.0,16.0,FlyY,Bonne,0
4.3,55.0,88.0,18.0,AirX,Moyenne,0
17.9,212.8,189.0,34.0,FlyY,Bonne,1
0.0,139.9,109.0,14.0,AirX,Bonne,0
15.0,193.6,142.0,30.0,SkyZ,Mauvaise,1
2.3,107.3,111.0,13.0,AirX,Bonne,0
10.5,91.6,110.0,17.0,AirX,Bonne,0
9.3,123.0,109.0,1.0,AirX,Bonne,0
15.3,204.2,93.0,33.0,FlyY,Bonne,1
4.1,118.5,68.0,18.0,FlyY,Bonne,0
8.1,103.2,129.0,11.0,AirX,Bonne,0
0.9,86.7,121.0,19.0,FlyY,Moyenne,0
10.2,119.3,62.0,39.0,FlyY,Bonne,0
20.2,169.8,195.0,22.0,FlyY,Mauvaise,1
5.1,153.6,163.0,27.0,FlyY,Bonne,0
6.0,123.0,115.0,4.0,FlyY,Bonne,0
9.2,139.0,135.0,23.0,FlyY,Bonne,0
5.4,110.6,107.0,32.0,AirX,Bonne,0
15.8,122.4,50.0,25.0,AirX,Moyenne,0
3.8,105.8,94.0,29.0,SkyZ,Bonne,0
19.9,205.7,122.0,20.0,SkyZ,Bonne,1
8.0,80.4,123.0,32.0,FlyY,Moyenne,0
19.6,198.0,182.0,25.0,AirX,Mauvaise,1
15.7,78.3,88.0,0.0,FlyY,Moyenne,0
11.2,143.6,142.0,7.0,FlyY,Bonne,0
3.1,70.9,107.0,14.0,AirX,Moyenne,0
20.5,140.3,103.0,7.0,AirX,Bonne,0
2.9,198.1,141.0,18.0,FlyY,Bonne,0
4.9,171.6,109.0,14.0,FlyY,Bonne,0
6.2,151.1,137.0,16.0,AirX,Bonne,0
4.9,108.3,81.0,18.0,AirX,Bonne,0
10.1,150.8,96.0,3.0,AirX,Bonne,0
3.0,148.3,120.0,7.0,FlyY,Moyenne,0
0.0,191.5,112.0,28.0,AirX,Bonne,0
14.9,131.3,109.0,23.0,AirX,Bonne,0
5.1,123.9,97.0,0.0,FlyY,Bonne,0
15.3,287.9,158.0,21.0,AirX,Mauvaise,1
10.1,136.5,112.0,12.0,FlyY,Bonne,0
0.0,80.3,169.0,28.0,AirX,Bonne,0
23.0,162.8,178.0,38.0,AirX,Moyenne,1
7.6,141.4,146.0,18.0,AirX,Moyenne,0
1.6,109.9,151.0,15.0,FlyY,Bonne,0
0.0,130.0,104.0,18.0,SkyZ,Moyenne,0
12.1,138.4,102.0,18.0,SkyZ,Moyenne,0
6.8,93.3,98.0,10.0,FlyY,Moyenne,0
8.0,137.7,80.0,18.0,FlyY,Bonne,0
13.5,127.1,103.0,8.0,AirX,Moyenne,0
0.0,106.1,83.0,22.0,AirX,Bonne,0
7.4,129.2,118.0,25.0,SkyZ,Bonne,0
1.2,95.2,137.0,4.0,AirX,Bonne,0
13.3,109.6,90.0,22.0,AirX,Bonne,0
7.7,133.3,120.0,18.0,AirX,Bonne,0
9.5,114.9,156.0,0.0,AirX,Moyenne,0
0.2,183.6,75.0,22.0,AirX,Bonne,0
6.7,122.8,99.0,11.0,FlyY,Bonne,0
10.8,113.9,60.0,12.0,FlyY,Bonne,0
3.9,117.6,96.0,21.0,SkyZ,Bonne,0
7.6,126.4,110.0,29.0,SkyZ,Mauvaise,0
6.1,80.7,121.0,8.0,FlyY,Bonne,0
15.8,124.3,85.0,17.0,AirX,Bonne,0
3.5,101.3,82.0,21.0,FlyY,Bonne,0
7.1,71.4,75.0,5.0,FlyY,Bonne,0
11.0,108.6,133.0,26.0,AirX,Bonne,0
4.7,73.7,113.0,11.0,FlyY,Moyenne,0
7.6,73.5,181.0,4.0,FlyY,Mauvaise,0
6.9,154.2,178.0,7.0,FlyY,Bonne,0
9.3,98.3,153.0,7.0,FlyY,Moyenne,0
4.8,140.5,96.0,25.0,AirX,Moyenne,0
23.0,161.9,200.0,27.0,SkyZ,Moyenne,1
5.8,143.4,135.0,22.0,FlyY,Bonne,0
5.3,127.0,87.0,25.0,AirX,Bonne,0
11.5,115.3,110.0,7.0,SkyZ,Bonne,0
-15.0,126.4,145.0,11.0,FlyY,Moyenne,0
1.2,171.4,149.0,11.0,SkyZ,Moyenne,0
9.6,170.9,125.0,20.0,FlyY,Bonne,0
1.6,131.7,93.0,11.0,FlyY,Bonne,0
7.3,155.4,102.0,13.0,AirX,Mauvaise,0
4.0,122.3,129.0,17.0,AirX,Moyenne,0
17.7,226.5,136.0,37.0,FlyY,Mauvaise,1
7.8,120.0,95.0,27.0,FlyY,Moyenne,0
8.8,68.3,93.0,18.0,AirX,Bonne,0
11.9,97.4,106.0,8.0,AirX,Bonne,0
0.0,132.9,120.0,10.0,SkyZ,Moyenne,0
9.5,105.8,60.0,8.0,SkyZ,Bonne,0
4.2,113.7,159.0,2.0,FlyY,Bonne,0
18.4,213.9,130.0,43.0,AirX,Moyenne,1
5.5,97.1,193.0,18.0,AirX,Bonne,0
11.6,97.8,50.0,24.0,AirX,Moyenne,0
7.9,115.0,115.0,7.0,SkyZ,Bonne,0
9.9,69.4,142.0,19.0,AirX,Mauvaise,0
11.1,126.3,105.0,23.0,FlyY,Bonne,0
4.3,121.5,109.0,5.0,AirX,Bonne,0
21.8,134.6,168.0,24.0,FlyY,Moyenne,1
3.9,106.7,140.0,1.0,FlyY,Bonne,0
18.7,135.0,112.0,36.0,SkyZ,Moyenne,1
17.6,227.8,179.0,37.0,AirX,Moyenne,1
16.2,78.0,139.0,28.0,AirX,Bonne,0
10.4,154.4,153.0,23.0,AirX,Bonne,0
5.6,147.1,121.0,19.0,SkyZ,Bonne,0
0.6,127.9,84.0,12.0,SkyZ,Bonne,0
10.5,129.8,81.0,26.0,FlyY,Mauvaise,0
7.6,136.5,104.0,17.0,FlyY,Moyenne,0
9.1,116.4,114.0,22.0,FlyY,Moyenne,0
13.8,230.9,146.0,38.0,AirX,Moyenne,1
1.2,139.1,167.0,20.0,SkyZ,Bonne,0
19.2,123.7,90.0,34.0,FlyY,Mauvaise,1
9.6,124.4,131.0,9.0,FlyY,Moyenne,0
7.8,123.5,52.0,1.0,FlyY,Moyenne,0
5.2,116.1,124.0,0.0,AirX,Moyenne,0
4.5,87.9,69.0,27.0,AirX,Bonne,0
7.5,146.5,177.0,9.0,FlyY,Moyenne,0
5.9,154.2,83.0,19.0,AirX,Bonne,0
9.5,108.7,95.0,25.0,FlyY,Bonne,0
8.2,64.8,124.0,25.0,AirX,Bonne,0
17.8,161.8,186.0,32.0,FlyY,Mauvaise,1
10.1,168.0,103.0,11.0,AirX,Moyenne,0
5.6,154.3,150.0,14.0,FlyY,Moyenne,0
10.8,139.7,171.0,11.0,FlyY,Moyenne,0
9.7,98.7,52.0,12.0,AirX,Bonne,0
17.2,227.7,139.0,34.0,FlyY,Mauvaise,1
12.0,155.6,91.0,6.0,FlyY,Bonne,0
9.5,98.5,117.0,14.0,FlyY,Bonne,0
8.9,143.0,119.0,18.0,SkyZ,Bonne,0
9.7,121.2,119.0,29.0,FlyY,Moyenne,0
8.1,100.5,142.0,4.0,AirX,Moyenne,0
8.3,91.7,124.0,21.0,AirX,Bonne,0
9.8,119.4,99.0,4.0,AirX,Bonne,0
9.4,121.4,117.0,7.0,FlyY,Moyenne,0
5.6,123.6,100.0,20.0,AirX,Bonne,0
4.0,98.4,112.0,26.0,FlyY,Moyenne,0
0.6,65.6,124.0,16.0,FlyY,Mauvaise,0
0.4,93.4,122.0,6.0,FlyY,Bonne,0
-15.0,122.5,62.0,13.0,FlyY,Bonne,0
17.0,128.3,139.0,29.0,AirX,Moyenne,1
20.9,164.5,200.0,34.0,AirX,Moyenne,1
17.6,213.1,141.0,21.0,FlyY,Bonne,1
14.6,261.8,169.0,33.0,FlyY,Mauvaise,1
9.5,99.5,101.0,16.0,FlyY,Bonne,0
5.3,97.0,137.0,3.0,FlyY,Bonne,0
20.1,150.5,82.0,37.0,AirX,Moyenne,1
23.0,195.7,112.0,29.0,SkyZ,Moyenne,1
9.6,126.7,74.0,18.0,FlyY,Bonne,0
18.1,140.5,172.0,30.0,FlyY,Moyenne,1
16.0,123.9,132.0,3.0,AirX,Bonne,0
17.6,193.9,115.0,29.0,FlyY,Bonne,1
7.7,97.5,130.0,0.0,FlyY,Bonne,0
17.2,222.0,109.0,26.0,AirX,Moyenne,1
5.8,111.8,106.0,13.0,SkyZ,Bonne,0
20.0,118.2,137.0,33.0,AirX,Bonne,1
13.0,165.7,102.0,4.0,SkyZ,Bonne,0
8.2,118.5,134.0,13.0,FlyY,Moyenne,0
12.5,169.0,105.0,3.0,AirX,Moyenne,0
22.6,162.2,200.0,39.0,FlyY,Moyenne,1
12.6,174.8,149.0,35.0,SkyZ,Bonne,1
4.3,144.0,138.0,24.0,FlyY,Moyenne,0
0.0,150.6,111.0,24.0,SkyZ,Bonne,0
8.4,81.1,50.0,16.0,FlyY,Moyenne,0
15.1,172.7,119.0,35.0,FlyY,Mauvaise,1
7.8,168.2,84.0,22.0,SkyZ,Bonne,0
9.8,96.6,107.0,4.0,AirX,Moyenne,0
6.9,131.9,116.0,26.0,FlyY,Bonne,0
7.0,99.3,144.0,3.0,AirX,Bonne,0
12.1,118.2,109.0,22.0,SkyZ,Bonne,0
14.6,186.8,149.0,28.0,SkyZ,Bonne,1
6.3,116.6,71.0,24.0,AirX,Bonne,0
18.1,138.7,173.0,48.0,FlyY,Moyenne,1
13.0,141.7,143.0,11.0,SkyZ,Bonne,0
13.0,84.1,123.0,1.0,AirX,Moyenne,0
6.6,168.2,111.0,17.0,FlyY,Bonne,0
5.4,100.5,117.0,3.0,SkyZ,Bonne,0
9.8,109.6,80.0,25.0,AirX,Moyenne,0
7.6,106.3,86.0,13.0,FlyY,Bonne,0
5.6,150.7,137.0,26.0,AirX,Bonne,0
5.6,133.1,140.0,16.0,SkyZ,Moyenne,0
14.4,136.2,147.0,12.0,SkyZ,Bonne,0
10.6,145.0,131.0,16.0,SkyZ,Bonne,0
0.0,77.3,135.0,15.0,FlyY,Bonne,0
18.2,213.3,171.0,40.0,SkyZ,Mauvaise,1
8.0,128.2,69.0,11.0,SkyZ,Moyenne,0
11.2,91.6,115.0,8.0,FlyY,Moyenne,0
6.0,105.6,100.0,18.0,SkyZ,Moyenne,0
7.9,118.7,116.0,19.0,AirX,Bonne,0
12.6,155.7,99.0,14.0,FlyY,Bonne,0
11.3,111.3,136.0,21.0,AirX,Moyenne,0
2.6,121.3,134.0,6.0,AirX,Bonne,0
5.5,105.6,151.0,10.0,AirX,Bonne,0
6.6,108.3,109.0,18.0,FlyY,Bonne,0
6.7,124.8,82.0,13.0,FlyY,Bonne,0
17.7,244.4,117.0,12.0,FlyY,Mauvaise,1
8.4,163.7,69.0,12.0,AirX,Bonne,0
13.7,105.7,100.0,13.0,FlyY,Bonne,0
12.9,160.1,189.0,23.0,FlyY,Bonne,1
18.7,215.5,99.0,21.0,FlyY,Mauvaise,1
9.1,149.0,58.0,19.0,FlyY,Bonne,0
15.3,163.5,160.0,28.0,FlyY,Bonne,1
0.9,103.3,101.0,15.0,SkyZ,Moyenne,0
6.8,139.6,117.0,14.0,FlyY,Moyenne,0
1.8,164.1,126.0,14.0,AirX,Bonne,0
10.1,118.0,115.0,6.0,AirX,Bonne,0
3.9,134.4,119.0,23.0,SkyZ,Bonne,0
3.8,170.3,102.0,4.0,AirX,Bonne,0
5.1,98.1,104.0,15.0,SkyZ,Bonne,0
0.0,164.8,133.0,9.0,FlyY,Bonne,0
9.7,40.4,76.0,22.0,SkyZ,Bonne,0
3.0,151.0,95.0,0.0,FlyY,Bonne,0
19.2,183.5,115.0,34.0,SkyZ,Moyenne,1
18.6,79.1,165.0,34.0,FlyY,Mauvaise,1
10.6,124.9,86.0,12.0,FlyY,Moyenne,0
4.0,98.7,119.0,6.0,FlyY,Bonne,0
10.4,171.8,130.0,22.0,FlyY,Bonne,0
7.9,151.0,173.0,7.0,FlyY,Mauvaise,0
6.7,86.9,113.0,6.0,SkyZ,Bonne,0
5.2,107.8,118.0,2.0,SkyZ,Bonne,0
8.4,135.1,108.0,9.0,FlyY,Bonne,0
4.7,146.2,130.0,14.0,FlyY,Moyenne,0
6.2,122.0,140.0,17.0,FlyY,Moyenne,0
7.1,115.1,125.0,21.0,FlyY,Bonne,0
5.7,131.4,161.0,16.0,AirX,Bonne,0
-15.0,209.9,136.0,33.0,AirX,Mauvaise,1
12.7,70.4,85.0,24.0,FlyY,Bonne,0
5.7,160.1,144.0,18.0,AirX,Moyenne,0
17.9,168.3,134.0,35.0,AirX,Moyenne,1
5.4,124.7,115.0,6.0,AirX,Moyenne,0
3.0,129.4,134.0,28.0,AirX,Bonne,0
6.5,165.4,108.0,15.0,AirX,Bonne,0
9.8,130.1,126.0,13.0,SkyZ,Bonne,0
9.9,108.2,67.0,13.0,FlyY,Moyenne,0
23.0,165.3,111.0,35.0,FlyY,Mauvaise,1
6.9,92.8,132.0,12.0,FlyY,Bonne,0
3.4,146.5,130.0,19.0,AirX,Bonne,0
10.5,120.7,86.0,10.0,SkyZ,Mauvaise,0
15.1,112.0,102.0,12.0,FlyY,Moyenne,0
13.2,77.4,118.0,14.0,AirX,Moyenne,0
6.6,99.2,102.0,15.0,FlyY,Bonne,0
12.7,67.8,91.0,11.0,SkyZ,Bonne,0
10.0,153.2,76.0,14.0,SkyZ,Moyenne,0
10.1,121.6,146.0,13.0,FlyY,Moyenne,0
6.8,142.6,105.0,12.0,FlyY,Bonne,0
12.7,64.2,94.0,14.0,AirX,Bonne,0
13.3,120.7,56.0,25.0,SkyZ,Bonne,0
7.5,151.3,133.0,12.0,AirX,Bonne,0
8.1,150.1,103.0,29.0,SkyZ,Bonne,0
18.6,178.2,135.0,34.0,FlyY,Mauvaise,1
2.2,144.1,140.0,26.0,FlyY,Bonne,0
7.7,89.3,170.0,23.0,FlyY,Moyenne,0
9.9,107.9,56.0,6.0,AirX,Bonne,0
10.9,112.5,121.0,4.0,AirX,Moyenne,0
21.6,214.8,100.0,50.0,AirX,Mauvaise,1
3.3,95.4,79.0,19.0,AirX,Bonne,0
6.4,89.8,167.0,10.0,FlyY,Bonne,0
3.8,150.6,76.0,13.0,FlyY,Bonne,0
4.7,118.5,91.0,20.0,AirX,Bonne,0
4.5,58.4,126.0,16.0,SkyZ,Moyenne,0
17.3,271.2,124.0,21.0,SkyZ,Mauvaise,1
5.7,95.9,132.0,26.0,SkyZ,Bonne,0
7.4,116.8,76.0,13.0,SkyZ,Bonne,0
16.9,157.6,133.0,3.0,AirX,Bonne,1
3.6,114.5,93.0,12.0,FlyY,Moyenne,0
0.9,128.1,149.0,2.0,FlyY,Bonne,0
9.3,79.0,73.0,14.0,FlyY,Bonne,0
3.1,118.9,132.0,12.0,AirX,Moyenne,0
21.8,220.0,187.0,32.0,SkyZ,Moyenne,1
1.3,135.0,119.0,20.0,AirX,Bonne,0
0.0,104.9,90.0,6.0,AirX,Moyenne,0
8.4,104.7,120.0,22.0,FlyY,Bonne,0
4.3,127.8,115.0,11.0,FlyY,Bonne,0
5.8,99.2,113.0,4.0,FlyY,Moyenne,0
13.0,123.0,90.0,21.0,AirX,Moyenne,0
6.1,111.2,130.0,15.0,SkyZ,Bonne,0
7.9,115.1,108.0,15.0,AirX,Bonne,0
7.8,165.6,128.0,25.0,AirX,Bonne,0
0.0,163.6,100.0,16.0,SkyZ,Bonne,0
6.5,108.5,87.0,17.0,SkyZ,Bonne,0
8.6,163.6,95.0,28.0,SkyZ,Bonne,0
8.1,119.8,103.0,4.0,SkyZ,Bonne,0
3.9,106.0,108.0,15.0,FlyY,Moyenne,0
6.9,128.8,130.0,13.0,FlyY,Moyenne,0
17.3,202.5,145.0,12.0,AirX,Moyenne,1
6.0,133.4,133.0,15.0,FlyY,Bonne,0
15.6,135.5,197.0,41.0,FlyY,Mauvaise,1
14.1,166.8,166.0,29.0,AirX,Moyenne,1
14.8,205.6,173.0,35.0,FlyY,Moyenne,1
4.0,111.0,115.0,4.0,FlyY,Moyenne,0
8.6,85.4,77.0,12.0,AirX,Mauvaise,0
8.7,105.1,143.0,18.0,AirX,Bonne,0
2.3,137.8,98.0,11.0,FlyY,Bonne,0
4.3,154.6,100.0,16.0,AirX,Moyenne,0
8.3,79.8,88.0,2.0,SkyZ,Moyenne,0
7.8,129.8,119.0,13.0,FlyY,Moyenne,0
7.3,120.8,198.0,0.0,FlyY,Bonne,0
5.8,167.6,127.0,16.0,FlyY,Bonne,0
8.5,156.1,65.0,16.0,SkyZ,Bonne,0
18.6,247.1,95.0,24.0,FlyY,Mauvaise,1
8.3,162.8,126.0,16.0,FlyY,Bonne,0
6.5,84.5,143.0,19.0,FlyY,Bonne,0
2.9,72.3,127.0,15.0,AirX,Bonne,0
4.7,98.9,127.0,24.0,SkyZ,Bonne,0
18.6,180.1,142.0,37.0,FlyY,Moyenne,1
3.8,106.2,110.0,3.0,FlyY,Moyenne,0
16.2,151.1,184.0,22.0,SkyZ,Moyenne,1
15.7,151.6,146.0,24.0,SkyZ,Bonne,0
-15.0,85.0,97.0,4.0,FlyY,Moyenne,0
-15.0,127.5,90.0,20.0,SkyZ,Bonne,0
17.5,203.7,170.0,24.0,FlyY,Moyenne,1
-15.0,181.6,133.0,19.0,FlyY,Bonne,0
2.7,107.9,140.0,27.0,FlyY,Bonne,0
8.3,119.4,172.0,4.0,FlyY,Moyenne,0
23.0,172.9,151.0,25.0,AirX,Mauvaise,1
6.4,109.9,123.0,6.0,SkyZ,Bonne,0
20.7,205.1,146.0,23.0,SkyZ,Moyenne,1
13.5,148.4,143.0,18.0,AirX,Bonne,0
6.8,153.0,162.0,31.0,SkyZ,Bonne,0
7.9,149.0,93.0,21.0,AirX,Bonne,0
8.2,141.7,142.0,16.0,FlyY,Bonne,0
0.1,151.4,116.0,11.0,FlyY,Bonne,0
6.1,124.9,123.0,11.0,AirX,Bonne,0
9.6,98.3,117.0,16.0,SkyZ,Bonne,0
20.6,149.7,145.0,47.0,SkyZ,Mauvaise,1
6.2,66.5,50.0,10.0,FlyY,Bonne,0
12.2,110.4,131.0,19.0,AirX,Moyenne,0
8.6,89.0,135.0,18.0,AirX,Bonne,0
3.9,124.4,139.0,14.0,FlyY,Moyenne,0
18.2,150.9,118.0,37.0,SkyZ,Bonne,1
9.4,102.6,160.0,24.0,FlyY,Bonne,0
2.9,67.2,102.0,11.0,AirX,Bonne,0
8.0,103.0,90.0,1.0,FlyY,Bonne,0
12.7,125.7,135.0,3.0,FlyY,Bonne,0
12.2,150.0,101.0,9.0,FlyY,Moyenne,0
16.2,184.4,192.0,22.0,AirX,Moyenne,1
3.9,144.7,88.0,10.0,FlyY,Moyenne,0
20.5,181.7,112.0,35.0,FlyY,Moyenne,1
14.2,123.3,167.0,20.0,SkyZ,Bonne,0
8.0,112.3,64.0,14.0,FlyY,Bonne,0
20.8,174.3,156.0,28.0,FlyY,Bonne,1
5.8,110.6,134.0,31.0,SkyZ,Bonne,0
6.1,122.8,95.0,17.0,AirX,Bonne,0
8.8,133.0,62.0,20.0,SkyZ,Bonne,0
2.6,103.8,93.0,2.0,FlyY,Bonne,0
7.6,127.2,142.0,29.0,AirX,Bonne,0
6.8,109.6,109.0,9.0,FlyY,Moyenne,0
11.0,133.8,143.0,13.0,FlyY,Moyenne,0
2.7,83.0,171.0,26.0,AirX,Bonne,0
19.8,187.0,116.0,16.0,FlyY,Mauvaise,1
22.5,156.5,71.0,18.0,FlyY,Mauvaise,1
6.5,168.0,135.0,17.0,FlyY,Bonne,0
4.7,119.1,125.0,4.0,AirX,Bonne,0
9.3,116.8,113.0,26.0,SkyZ,Bonne,0
23.0,185.9,138.0,25.0,SkyZ,Mauvaise,1
23.0,160.6,174.0,14.0,SkyZ,Moyenne,1
17.6,185.0,144.0,29.0,FlyY,Bonne,1
7.7,85.5,125.0,7.0,AirX,Bonne,0
5.9,107.0,82.0,1.0,FlyY,Bonne,0
6.3,142.6,97.0,8.0,AirX,Bonne,0
11.5,115.0,80.0,16.0,AirX,Bonne,0
7.1,94.4,101.0,4.0,FlyY,Moyenne,0
11.2,138.1,97.0,10.0,FlyY,Moyenne,0
18.8,175.9,63.0,35.0,FlyY,Moyenne,1
18.3,193.1,107.0,42.0,FlyY,Moyenne,1
4.4,114.0,113.0,19.0,FlyY,Moyenne,0
11.5,139.6,92.0,17.0,AirX,Bonne,0
1.9,87.5,122.0,32.0,SkyZ,Moyenne,0
5.9,163.6,171.0,19.0,FlyY,Bonne,0
9.0,121.7,115.0,25.0,FlyY,Moyenne,0
13.5,223.7,151.0,26.0,AirX,Bonne,1
0.0,91.0,142.0,0.0,FlyY,Moyenne,0
9.1,124.2,155.0,25.0,FlyY,Bonne,0
4.3,122.6,99.0,8.0,AirX,Bonne,0
14.4,147.3,181.0,33.0,AirX,Bonne,1
11.6,114.5,70.0,22.0,FlyY,Bonne,0
4.4,110.9,138.0,12.0,FlyY,Moyenne,0
1.7,138.9,139.0,15.0,AirX,Moyenne,0
11.0,110.5,120.0,9.0,SkyZ,Bonne,0
9.7,112.1,102.0,15.0,AirX,Bonne,0
20.7,169.6,120.0,32.0,FlyY,Bonne,1
5.3,116.3,111.0,19.0,SkyZ,Bonne,0
5.4,160.1,138.0,23.0,FlyY,Bonne,0
8.4,118.1,146.0,17.0,FlyY,Moyenne,0
8.3,103.6,99.0,8.0,FlyY,Bonne,0
3.5,114.8,118.0,13.0,AirX,Bonne,0
13.3,111.8,152.0,18.0,SkyZ,Bonne,0
14.6,91.0,122.0,5.0,FlyY,Bonne,0
8.5,104.0,118.0,2.0,SkyZ,Bonne,0
16.3,212.4,127.0,39.0,AirX,Moyenne,1
0.3,144.9,119.0,8.0,AirX,Bonne,0
7.7,80.6,119.0,19.0,AirX,Bonne,0
11.3,118.9,117.0,15.0,FlyY,Bonne,0
7.8,118.0,90.0,28.0,FlyY,Bonne,0
2.5,115.3,103.0,4.0,SkyZ,Bonne,0
19.9,153.1,181.0,44.0,FlyY,Mauvaise,1
6.1,104.7,97.0,8.0,SkyZ,Moyenne,0
9.8,197.2,130.0,0.0,AirX,Bonne,0
18.4,142.2,154.0,48.0,SkyZ,Bonne,1
2.9,136.1,74.0,29.0,FlyY,Bonne,0
6.1,122.6,116.0,27.0,FlyY,Bonne,0
6.3,115.6,185.0,23.0,SkyZ,Moyenne,0
7.4,116.1,98.0,17.0,FlyY,Moyenne,0
0.0,156.5,148.0,12.0,FlyY,Bonne,0
3.6,69.2,95.0,8.0,AirX,Bonne,0
17.8,176.9,192.0,30.0,AirX,Bonne,1
21.1,247.9,200.0,8.0,SkyZ,Moyenne,1
18.0,172.2,195.0,32.0,FlyY,Moyenne,1
7.0,113.7,121.0,18.0,FlyY,Bonne,0
6.8,104.9,148.0,5.0,FlyY,Bonne,0
11.1,115.7,143.0,11.0,AirX,Moyenne,0
5.7,103.8,112.0,10.0,AirX,Bonne,0
7.8,151.6,143.0,6.0,FlyY,Bonne,0
4.9,199.0,102.0,28.0,FlyY,Bonne,0
15.0,162.2,141.0,27.0,AirX,Moyenne,1
3.7,154.8,152.0,23.0,FlyY,Bonne,0
18.3,172.9,157.0,20.0,AirX,Bonne,1
3.0,154.6,172.0,18.0,FlyY,Moyenne,0
6.0,125.1,97.0,18.0,AirX,Bonne,0
6.0,148.9,85.0,9.0,FlyY,Bonne,0
7.3,94.2,154.0,15.0,FlyY,Bonne,0
12.0,124.1,161.0,26.0,FlyY,Bonne,0
7.3,61.8,119.0,4.0,AirX,Moyenne,0
3.2,120.0,112.0,4.0,AirX,Bonne,0
10.9,144.9,59.0,31.0,FlyY,Bonne,0
12.3,177.5,158.0,29.0,FlyY,Bonne,1
3.2,112.7,147.0,20.0,FlyY,Moyenne,0
13.1,131.5,188.0,18.0,AirX,Moyenne,1
14.5,110.7,75.0,23.0,FlyY,Bonne,0
8.4,147.1,103.0,21.0,SkyZ,Bonne,0
1.4,75.8,84.0,6.0,FlyY,Moyenne,0
6.6,160.9,102.0,20.0,AirX,Bonne,0
6.4,147.2,120.0,16.0,FlyY,Moyenne,0
5.1,168.9,60.0,11.0,AirX,Moyenne,0
8.6,85.9,93.0,17.0,AirX,Moyenne,0
5.1,53.5,90.0,5.0,SkyZ,Bonne,0
8.3,95.8,113.0,19.0,AirX,Bonne,0
8.2,130.8,151.0,10.0,FlyY,Moyenne,0
2.3,115.1,125.0,0.0,FlyY,Bonne,0
11.5,99.8,109.0,24.0,FlyY,Bonne,0
4.3,96.3,137.0,13.0,FlyY,Moyenne,0
5.3,133.4,129.0,26.0,AirX,Moyenne,0
17.1,160.6,111.0,38.0,FlyY,Bonne,1
11.9,123.2,105.0,3.0,FlyY,Bonne,0
2.5,109.3,53.0,10.0,AirX,Bonne,0
3.8,126.8,174.0,18.0,FlyY,Moyenne,0
0.9,104.3,93.0,29.0,AirX,Mauvaise,0
12.7,93.4,135.0,6.0,AirX,Bonne,0
8.0,115.8,193.0,2.0,FlyY,Bonne,0
3.5,92.4,71.0,11.0,AirX,Moyenne,0
7.7,131.5,62.0,2.0,FlyY,Bonne,0
0.4,112.2,151.0,11.0,FlyY,Bonne,0
20.6,170.5,162.0,38.0,SkyZ,Mauvaise,1
9.1,57.5,98.0,20.0,AirX,Bonne,0
21.8,167.9,157.0,23.0,AirX,Moyenne,1
11.7,183.5,72.0,0.0,AirX,Bonne,0
0.9,117.8,117.0,35.0,FlyY,Bonne,0
6.2,60.6,116.0,16.0,FlyY,Moyenne,0
4.2,97.0,92.0,21.0,AirX,Bonne,0
0.0,86.7,68.0,18.0,SkyZ,Mauvaise,0
4.8,108.4,115.0,12.0,AirX,Bonne,0
5.4,76.4,144.0,16.0,FlyY,Bonne,0
5.4,105.7,124.0,13.0,FlyY,Bonne,0
12.3,173.6,161.0,41.0,SkyZ,Bonne,1
2.5,157.6,153.0,19.0,FlyY,Bonne,0
13.2,148.0,50.0,28.0,SkyZ,Bonne,0
15.0,164.9,138.0,17.0,FlyY,Bonne,0
0.7,110.8,127.0,16.0,SkyZ,Bonne,0
13.1,204.8,100.0,27.0,AirX,Moyenne,1
0.0,106.3,107.0,11.0,SkyZ,Moyenne,0
8.8,116.4,144.0,18.0,FlyY,Moyenne,0
7.2,156.7,98.0,19.0,SkyZ,Bonne,0
7.2,118.6,159.0,18.0,FlyY,Bonne,0
17.7,188.6,134.0,27.0,FlyY,Moyenne,1
7.8,30.0,113.0,16.0,FlyY,Bonne,0
2.5,111.7,104.0,17.0,FlyY,Bonne,0
4.6,99.9,146.0,14.0,AirX,Moyenne,0
4.2,99.5,99.0,10.0,AirX,Moyenne,0
2.5,140.6,142.0,12.0,AirX,Bonne,0
5.5,113.8,153.0,25.0,AirX,Bonne,0
4.5,154.9,142.0,7.0,SkyZ,Moyenne,0
8.3,80.5,145.0,11.0,AirX,Bonne,0
14.0,152.6,149.0,21.0,SkyZ,Moyenne,1
4.2,137.9,154.0,17.0,FlyY,Moyenne,0
9.4,115.8,134.0,26.0,AirX,Moyenne,0
1.6,93.4,89.0,9.0,FlyY,Bonne,0
8.0,87.8,140.0,21.0,FlyY,Bonne,0
7.3,134.2,114.0,19.0,FlyY,Moyenne,0
8.1,92.0,84.0,17.0,FlyY,Moyenne,0
15.2,158.7,97.0,35.0,FlyY,Moyenne,1
0.2,118.0,113.0,27.0,AirX,Bonne,0
3.8,119.5,114.0,11.0,SkyZ,Bonne,0
5.9,131.9,118.0,14.0,SkyZ,Moyenne,0
7.1,87.4,92.0,11.0,FlyY,Moyenne,0
6.2,172.0,50.0,17.0,AirX,Mauvaise,0
20.1,164.1,63.0,37.0,FlyY,Moyenne,1
2.8,130.3,133.0,24.0,AirX,Bonne,0
15.7,269.3,126.0,40.0,AirX,Moyenne,1
8.3,120.8,92.0,25.0,AirX,Moyenne,0
0.0,82.0,93.0,17.0,FlyY,Bonne,0
6.3,152.8,138.0,11.0,SkyZ,Moyenne,0
14.3,134.8,86.0,17.0,FlyY,Bonne,0
-15.0,121.7,152.0,21.0,FlyY,Bonne,0
16.8,201.5,183.0,32.0,FlyY,Moyenne,1
6.3,128.6,120.0,5.0,FlyY,Bonne,0
16.2,163.1,104.0,32.0,FlyY,Bonne,1
11.7,121.5,121.0,19.0,SkyZ,Bonne,0
11.3,113.6,101.0,9.0,AirX,Bonne,0
-15.0,153.2,50.0,11.0,SkyZ,Bonne,0
1.7,159.2,132.0,2.0,FlyY,Bonne,0
10.7,76.7,118.0,27.0,FlyY,Mauvaise,0
4.6,137.2,65.0,23.0,FlyY,Bonne,0
3.1,101.0,104.0,5.0,FlyY,Bonne,0
6.1,152.3,115.0,22.0,SkyZ,Bonne,0
16.2,190.1,126.0,45.0,SkyZ,Moyenne,1
12.8,69.8,127.0,15.0,FlyY,Bonne,0
15.8,192.3,138.0,21.0,AirX,Moyenne,1
12.6,220.3,194.0,27.0,FlyY,Moyenne,1
8.8,97.1,144.0,20.0,SkyZ,Moyenne,0
4.4,125.8,98.0,7.0,AirX,Bonne,0
13.2,77.9,129.0,15.0,FlyY,Moyenne,0
7.9,118.7,50.0,28.0,FlyY,Bonne,0
8.3,151.3,97.0,17.0,FlyY,Mauvaise,0
19.7,172.1,163.0,20.0,AirX,Moyenne,1
7.9,80.6,123.0,10.0,FlyY,Bonne,0
3.6,149.0,116.0,12.0,SkyZ,Bonne,0
9.0,134.6,166.0,18.0,AirX,Bonne,0
2.9,87.4,94.0,23.0,AirX,Moyenne,0
8.6,83.2,127.0,1.0,SkyZ,Bonne,0
4.8,114.5,80.0,27.0,AirX,Bonne,0
12.4,147.6,148.0,18.0,SkyZ,Bonne,0
6.7,107.7,78.0,0.0,FlyY,Moyenne,0
11.5,125.0,103.0,0.0,AirX,Moyenne,0
0.0,190.8,183.0,17.0,SkyZ,Moyenne,0
20.9,196.5,115.0,28.0,FlyY,Moyenne,1
9.6,135.3,123.0,22.0,FlyY,Bonne,0
7.7,61.8,107.0,14.0,FlyY,Bonne,0
11.0,136.5,140.0,1.0,FlyY,Moyenne,0
5.9,142.7,104.0,21.0,AirX,Bonne,0
8.9,118.7,142.0,3.0,FlyY,Bonne,0
6.5,143.5,143.0,5.0,SkyZ,Bonne,0
9.7,137.3,130.0,24.0,AirX,Bonne,0
6.5,111.4,144.0,11.0,FlyY,Bonne,0
10.4,37.0,196.0,27.0,FlyY,Moyenne,0
18.0,142.2,173.0,31.0,FlyY,Bonne,1
7.7,123.9,109.0,24.0,AirX,Bonne,0
18.7,161.9,200.0,29.0,SkyZ,Bonne,1
7.9,117.1,152.0,13.0,FlyY,Moyenne,0
6.6,120.0,57.0,5.0,AirX,Bonne,0
4.8,102.8,114.0,4.0,AirX,Moyenne,0
12.5,162.5,146.0,10.0,AirX,Moyenne,0
4.1,143.5,136.0,21.0,FlyY,Bonne,0
18.0,153.6,158.0,29.0,FlyY,Mauvaise,1
5.8,109.6,96.0,9.0,SkyZ,Mauvaise,0
1.5,164.2,105.0,10.0,FlyY,Moyenne,0
21.5,253.4,88.0,18.0,AirX,Moyenne,1
5.1,96.4,83.0,16.0,FlyY,Bonne,0
4.1,54.7,85.0,11.0,FlyY,Bonne,0
2.5,92.7,105.0,1.0,AirX,Bonne,0
6.4,94.0,142.0,18.0,AirX,Bonne,0
3.8,132.4,124.0,23.0,AirX,Mauvaise,0
8.8,147.4,119.0,20.0,FlyY,Bonne,0
5.2,131.7,128.0,5.0,FlyY,Moyenne,0
18.7,151.0,200.0,35.0,FlyY,Moyenne,1
16.5,186.0,200.0,42.0,SkyZ,Moyenne,1
22.2,190.1,103.0,35.0,SkyZ,Mauvaise,1
12.5,130.3,118.0,31.0,FlyY,Bonne,0
22.0,156.4,120.0,31.0,SkyZ,Bonne,1
9.6,179.1,93.0,5.0,AirX,Bonne,0
8.0,112.4,82.0,2.0,AirX,Bonne,0
10.9,116.9,77.0,14.0,AirX,Bonne,0
6.2,115.2,141.0,21.0,AirX,Bonne,0
5.9,129.2,108.0,13.0,FlyY,Moyenne,0
3.7,99.3,119.0,9.0,SkyZ,Bonne,0
17.4,160.4,146.0,25.0,AirX,Bonne,1
8.5,137.1,92.0,27.0,AirX,Moyenne,0
13.1,168.6,105.0,11.0,FlyY,Bonne,0
5.8,145.2,121.0,20.0,SkyZ,Bonne,0
5.6,119.4,76.0,20.0,FlyY,Moyenne,0
5.9,130.4,50.0,15.0,FlyY,Moyenne,0
2.2,159.8,50.0,27.0,AirX,Moyenne,0
1.5,137.8,103.0,22.0,AirX,Bonne,0
13.0,154.6,93.0,34.0,SkyZ,Moyenne,1
14.7,144.9,93.0,12.0,SkyZ,Moyenne,0
8.8,118.8,50.0,32.0,AirX,Bonne,0
17.3,184.9,195.0,29.0,SkyZ,Moyenne,1
6.4,127.8,126.0,5.0,FlyY,Moyenne,0
11.7,123.2,77.0,5.0,SkyZ,Bonne,0
8.3,117.1,70.0,15.0,FlyY,Bonne,0
16.1,228.3,122.0,32.0,FlyY,Mauvaise,1
12.2,109.4,109.0,22.0,FlyY,Moyenne,0
9.4,157.8,171.0,16.0,FlyY,Bonne,0
5.6,130.2,171.0,12.0,AirX,Moyenne,0
6.8,166.0,106.0,21.0,AirX,Bonne,0
5.9,57.6,121.0,22.0,FlyY,Bonne,0
8.2,131.8,133.0,7.0,FlyY,Bonne,0
19.2,246.1,124.0,35.0,AirX,Mauvaise,1
9.5,161.1,96.0,24.0,FlyY,Mauvaise,0
10.7,75.7,122.0,0.0,SkyZ,Bonne,0
12.0,117.3,150.0,24.0,AirX,Bonne,0
9.0,86.4,118.0,6.0,FlyY,Bonne,0
14.4,244.2,187.0,30.0,FlyY,Mauvaise,1
17.3,159.6,200.0,31.0,SkyZ,Mauvaise,1
16.2,193.1,131.0,35.0,AirX,Moyenne,1
4.1,152.9,102.0,19.0,FlyY,Moyenne,0
4.6,91.7,106.0,7.0,SkyZ,Moyenne,0
2.4,120.7,106.0,22.0,SkyZ,Bonne,0
0.5,195.7,97.0,14.0,FlyY,Bonne,0
8.9,154.3,68.0,13.0,FlyY,Bonne,0
20.0,284.1,167.0,21.0,FlyY,Moyenne,1
18.1,212.2,140.0,43.0,SkyZ,Moyenne,1
6.3,90.9,180.0,0.0,FlyY,Bonne,0
16.1,84.8,200.0,31.0,AirX,Mauvaise,1
10.9,125.4,114.0,13.0,SkyZ,Bonne,0
9.4,117.5,148.0,25.0,FlyY,Bonne,0
11.6,118.1,121.0,23.0,FlyY,Moyenne,0
5.8,94.1,117.0,14.0,AirX,Moyenne,0
12.9,152.8,131.0,11.0,FlyY,Moyenne,0
4.6,67.2,130.0,19.0,FlyY,Bonne,0
6.6,69.5,67.0,15.0,FlyY,Bonne,0
15.4,57.6,123.0,9.0,AirX,Moyenne,0
14.8,122.3,150.0,19.0,FlyY,Bonne,0
0.0,172.0,96.0,0.0,SkyZ,Bonne,0
5.0,89.6,96.0,5.0,AirX,Moyenne,0
1.2,102.7,152.0,15.0,SkyZ,Bonne,0
9.1,142.5,92.0,20.0,FlyY,Moyenne,0
6.6,144.6,166.0,11.0,SkyZ,Moyenne,0
8.5,98.0,90.0,29.0,FlyY,Bonne,0
3.0,65.8,75.0,22.0,FlyY,Bonne,0
5.0,136.0,84.0,35.0,FlyY,Moyenne,0
6.2,127.0,131.0,8.0,SkyZ,Moyenne,0
2.1,124.0,114.0,14.0,FlyY,Moyenne,0
17.7,206.4,118.0,28.0,FlyY,Moyenne,1
8.2,70.3,134.0,27.0,FlyY,Moyenne,0
6.0,160.5,92.0,29.0,SkyZ,Mauvaise,0
7.3,144.5,63.0,16.0,FlyY,Bonne,0
9.9,88.9,109.0,38.0,FlyY,Bonne,0
9.3,134.0,154.0,10.0,FlyY,Bonne,0
6.7,93.1,103.0,1.0,SkyZ,Bonne,0
2.5,126.9,95.0,24.0,AirX,Bonne,0
9.7,130.9,149.0,16.0,FlyY,Bonne,0
12.3,103.4,59.0,9.0,AirX,Mauvaise,0
1.0,76.0,114.0,28.0,FlyY,Bonne,0
21.2,214.8,122.0,17.0,FlyY,Bonne,1
13.3,141.4,149.0,3.0,FlyY,Bonne,0
9.9,157.1,81.0,22.0,FlyY,Bonne,0
7.0,98.6,90.0,16.0,FlyY,Bonne,0
17.9,193.7,200.0,31.0,FlyY,Bonne,1
3.1,111.2,121.0,12.0,AirX,Bonne,0
0.0,113.6,129.0,16.0,FlyY,Moyenne,0
8.7,152.8,112.0,23.0,AirX,Moyenne,0
19.3,139.4,172.0,46.0,AirX,Moyenne,1
2.5,152.9,115.0,14.0,FlyY,Moyenne,0
13.7,114.2,127.0,8.0,FlyY,Bonne,0
13.4,165.5,142.0,20.0,FlyY,Moyenne,1
5.7,122.4,116.0,21.0,FlyY,Moyenne,0
17.0,244.6,114.0,7.0,FlyY,Bonne,1
16.8,170.1,138.0,33.0,SkyZ,Moyenne,1
11.1,100.4,179.0,27.0,FlyY,Bonne,0
9.2,65.8,94.0,15.0,FlyY,Moyenne,0
1.7,172.0,64.0,18.0,AirX,Mauvaise,0
9.3,105.1,136.0,17.0,FlyY,Bonne,0
-15.0,120.5,99.0,5.0,FlyY,Moyenne,0
16.5,267.1,136.0,39.0,FlyY,Moyenne,1
18.8,142.3,118.0,36.0,FlyY,Mauvaise,1
4.4,169.8,145.0,21.0,FlyY,Bonne,0
8.8,120.6,71.0,6.0,FlyY,Moyenne,0
3.7,84.0,153.0,0.0,FlyY,Bonne,0
0.0,130.6,76.0,11.0,SkyZ,Bonne,0
15.5,222.6,151.0,30.0,FlyY,Bonne,1
15.0,200.9,128.0,27.0,SkyZ,Mauvaise,1
8.5,38.8,123.0,3.0,AirX,Moyenne,0
15.6,226.3,135.0,51.0,AirX,Moyenne,1
14.0,168.6,62.0,27.0,AirX,Mauvaise,1
9.9,154.3,118.0,15.0,FlyY,Bonne,0
4.9,76.5,103.0,7.0,SkyZ,Bonne,0
2.3,91.5,112.0,0.0,AirX,Bonne,0
5.7,118.8,115.0,16.0,SkyZ,Bonne,0
6.9,135.4,99.0,21.0,AirX,Bonne,0
7.1,104.4,134.0,9.0,SkyZ,Bonne,0
7.9,134.9,99.0,26.0,FlyY,Bonne,0
2.5,193.5,73.0,23.0,AirX,Bonne,0
2.3,71.7,153.0,10.0,FlyY,Bonne,0
13.9,87.9,125.0,14.0,AirX,Bonne,0
20.4,214.6,187.0,33.0,AirX,Mauvaise,1
11.1,106.1,147.0,24.0,FlyY,Moyenne,0
4.4,137.0,77.0,3.0,SkyZ,Mauvaise,0
4.6,126.6,135.0,16.0,FlyY,Bonne,0
17.0,210.4,122.0,44.0,FlyY,Bonne,1
8.2,74.9,84.0,19.0,FlyY,Moyenne,0
19.3,185.3,173.0,32.0,FlyY,Bonne,1
3.8,118.3,91.0,27.0,AirX,Bonne,0
9.1,75.5,125.0,33.0,FlyY,Bonne,0
12.4,101.9,136.0,16.0,AirX,Bonne,0
3.3,116.6,115.0,5.0,AirX,Bonne,0
6.4,180.5,118.0,12.0,FlyY,Bonne,0
10.1,126.5,110.0,5.0,AirX,Moyenne,0
10.8,117.6,124.0,13.0,FlyY,Bonne,0
4.6,62.5,84.0,16.0,FlyY,Bonne,0
2.8,131.1,104.0,18.0,AirX,Moyenne,0
7.3,90.7,80.0,24.0,FlyY,Bonne,0
5.6,141.0,147.0,22.0,AirX,Bonne,0
2.6,78.8,82.0,7.0,SkyZ,Moyenne,0
7.4,141.2,95.0,16.0,FlyY,Bonne,0
9.8,121.8,124.0,12.0,SkyZ,Bonne,0
17.8,183.2,200.0,34.0,FlyY,Bonne,1
4.8,102.0,60.0,22.0,AirX,Bonne,0
7.0,129.1,112.0,4.0,FlyY,Bonne,0
23.0,161.3,190.0,39.0,SkyZ,Moyenne,1
8.0,144.0,136.0,19.0,FlyY,Bonne,0
7.7,126.0,104.0,20.0,SkyZ,Bonne,0
1.8,134.4,159.0,21.0,SkyZ,Bonne,0
9.4,113.3,97.0,15.0,AirX,Bonne,0
11.5,229.2,193.0,26.0,AirX,Moyenne,1
17.8,139.1,200.0,32.0,FlyY,Bonne,1
4.6,160.1,74.0,14.0,FlyY,Bonne,0
4.1,111.8,168.0,10.0,SkyZ,Bonne,0
11.0,108.2,82.0,16.0,SkyZ,Bonne,0
10.7,93.7,116.0,20.0,FlyY,Bonne,0
19.4,169.4,182.0,17.0,AirX,Moyenne,1
10.4,113.9,112.0,22.0,FlyY,Bonne,0
1.9,141.4,57.0,14.0,AirX,Bonne,0
4.8,121.8,142.0,20.0,SkyZ,Bonne,0
15.3,149.1,79.0,32.0,FlyY,Moyenne,1
2.2,150.2,121.0,11.0,FlyY,Bonne,0
15.2,105.9,135.0,21.0,AirX,Moyenne,0
-15.0,141.0,154.0,21.0,FlyY,Moyenne,1
11.5,168.1,144.0,25.0,FlyY,Moyenne,0
4.5,134.4,135.0,10.0,FlyY,Bonne,0
12.2,132.1,90.0,10.0,AirX,Bonne,0
11.2,182.0,166.0,8.0,FlyY,Moyenne,0
16.8,210.1,200.0,34.0,SkyZ,Mauvaise,1
6.0,111.8,167.0,23.0,AirX,Moyenne,0
2.2,47.1,104.0,14.0,AirX,Bonne,0
7.6,112.4,164.0,22.0,AirX,Bonne,0
9.0,134.2,103.0,12.0,FlyY,Bonne,0
10.1,101.6,72.0,3.0,FlyY,Moyenne,0
0.0,114.1,143.0,20.0,FlyY,Bonne,0
7.2,124.4,98.0,7.0,AirX,Bonne,0
10.0,69.4,107.0,20.0,FlyY,Moyenne,0
9.7,111.0,102.0,18.0,FlyY,Bonne,0
18.5,107.0,166.0,38.0,FlyY,Moyenne,1
16.5,113.1,86.0,0.0,SkyZ,Bonne,0
11.9,186.1,155.0,9.0,AirX,Bonne,0
6.4,119.1,95.0,9.0,FlyY,Bonne,0
20.3,207.6,143.0,37.0,FlyY,Moyenne,1
7.4,96.8,151.0,0.0,FlyY,Bonne,0
8.0,138.1,160.0,14.0,FlyY,Bonne,0
18.5,178.0,131.0,25.0,FlyY,Mauvaise,1
2.1,145.9,105.0,10.0,SkyZ,Bonne,0
7.3,134.0,81.0,23.0,AirX,Bonne,0
3.9,112.6,124.0,13.0,AirX,Bonne,0
20.0,135.1,179.0,46.0,FlyY,Bonne,1
3.8,84.2,125.0,14.0,FlyY,Moyenne,0
12.6,107.7,126.0,10.0,AirX,Bonne,0
0.0,118.6,69.0,32.0,AirX,Bonne,0
6.4,107.5,106.0,16.0,AirX,Bonne,0
12.9,88.6,125.0,16.0,SkyZ,Moyenne,0
22.1,142.4,113.0,14.0,AirX,Bonne,1
15.2,222.3,113.0,29.0,FlyY,Bonne,1
12.4,141.2,115.0,16.0,AirX,Bonne,0
2.6,77.0,118.0,11.0,FlyY,Bonne,0
10.0,81.6,108.0,7.0,AirX,Bonne,0
4.0,90.6,111.0,24.0,FlyY,Bonne,0
16.7,181.7,158.0,34.0,AirX,Moyenne,1
5.6,145.1,110.0,15.0,SkyZ,Bonne,0
23.0,100.4,151.0,36.0,AirX,Mauvaise,1
14.8,233.3,176.0,30.0,FlyY,Mauvaise,1
-15.0,72.2,134.0,28.0,SkyZ,Bonne,0
2.5,98.0,89.0,9.0,FlyY,Bonne,0
5.9,109.3,102.0,21.0,FlyY,Bonne,0
17.1,226.3,168.0,14.0,FlyY,Moyenne,1
9.4,112.2,114.0,12.0,FlyY,Bonne,0
6.6,113.0,102.0,14.0,FlyY,Bonne,0
5.3,114.8,146.0,20.0,SkyZ,Bonne,0
19.0,113.6,177.0,19.0,FlyY,Moyenne,1
6.8,110.0,92.0,8.0,FlyY,Moyenne,0
6.6,168.4,94.0,15.0,FlyY,Bonne,0
8.1,145.9,79.0,20.0,FlyY,Moyenne,0
12.9,96.1,116.0,21.0,AirX,Bonne,0
8.8,108.8,127.0,19.0,FlyY,Bonne,0
8.2,143.9,53.0,17.0,SkyZ,Moyenne,0
13.7,132.7,112.0,20.0,AirX,Bonne,0
23.0,202.4,164.0,32.0,FlyY,Bonne,1
-15.0,115.5,69.0,15.0,AirX,Bonne,0
6.5,109.9,122.0,4.0,FlyY,Moyenne,0
17.7,233.5,141.0,49.0,AirX,Moyenne,1
9.2,109.2,71.0,13.0,FlyY,Moyenne,0
11.2,55.0,141.0,18.0,FlyY,Moyenne,0
12.4,79.0,160.0,18.0,FlyY,Bonne,0
13.5,139.0,129.0,9.0,FlyY,Bonne,0
5.4,118.3,88.0,12.0,FlyY,Bonne,0
16.1,160.5,158.0,29.0,SkyZ,Bonne,1
6.5,123.9,106.0,14.0,AirX,Bonne,0
19.1,190.2,192.0,33.0,FlyY,Mauvaise,1
9.8,72.7,88.0,28.0,AirX,Bonne,0
6.4,131.9,144.0,15.0,SkyZ,Bonne,0
15.9,224.3,200.0,29.0,SkyZ,Bonne,1
4.9,81.6,85.0,20.0,FlyY,Bonne,0
4.5,80.0,200.0,21.0,SkyZ,Mauvaise,0
10.5,168.1,104.0,0.0,FlyY,Bonne,0
1.6,113.6,86.0,15.0,FlyY,Bonne,0
11.0,179.4,167.0,21.0,AirX,Moyenne,0
-15.0,114.5,92.0,10.0,FlyY,Bonne,0
10.8,80.7,59.0,14.0,AirX,Bonne,0
14.9,96.1,119.0,12.0,SkyZ,Bonne,0
15.8,124.7,110.0,14.0,FlyY,Bonne,0
19.3,147.0,171.0,27.0,FlyY,Mauvaise,1
12.4,174.5,125.0,16.0,AirX,Moyenne,0
9.8,141.7,110.0,18.0,FlyY,Bonne,0
12.1,119.8,86.0,0.0,AirX,Moyenne,0
8.6,99.6,104.0,23.0,FlyY,Bonne,0
11.9,166.6,161.0,40.0,AirX,Bonne,1
13.7,109.7,190.0,15.0,SkyZ,Bonne,0
4.5,58.0,81.0,25.0,FlyY,Bonne,0
15.1,109.8,143.0,27.0,FlyY,Bonne,1
18.7,161.0,200.0,18.0,FlyY,Moyenne,1
7.4,136.4,81.0,25.0,FlyY,Mauvaise,0
4.1,157.0,131.0,11.0,FlyY,Bonne,0
8.8,87.0,143.0,10.0,FlyY,Bonne,0
12.5,108.3,118.0,19.0,SkyZ,Bonne,0
3.6,85.0,123.0,14.0,FlyY,Bonne,0
7.1,79.5,162.0,25.0,SkyZ,Bonne,0
3.9,106.2,80.0,1.0,SkyZ,Bonne,0
18.7,150.9,129.0,2.0,AirX,Moyenne,1
9.1,76.4,109.0,17.0,SkyZ,Bonne,0
7.6,159.7,137.0,17.0,AirX,Bonne,0
1.9,80.5,50.0,22.0,SkyZ,Bonne,0
10.4,53.5,126.0,15.0,FlyY,Bonne,0
7.5,113.3,126.0,15.0,SkyZ,Bonne,0
4.4,107.7,145.0,20.0,SkyZ,Moyenne,0
6.8,114.4,78.0,21.0,SkyZ,Bonne,0
6.6,104.9,160.0,8.0,FlyY,Moyenne,0
6.7,83.6,134.0,15.0,FlyY,Bonne,0
4.2,152.4,116.0,6.0,AirX,Bonne,0
15.5,136.6,110.0,34.0,FlyY,Bonne,1
0.0,123.2,132.0,12.0,AirX,Moyenne,0
4.1,101.2,143.0,15.0,FlyY,Bonne,0
1.7,130.0,159.0,18.0,FlyY,Moyenne,0
3.5,158.3,79.0,22.0,SkyZ,Bonne,0
3.1,85.8,142.0,5.0,FlyY,Moyenne,0
11.1,90.2,96.0,21.0,SkyZ,Bonne,0
1.9,151.0,150.0,3.0,AirX,Moyenne,0
8.9,94.4,123.0,17.0,SkyZ,Bonne,0
10.3,95.5,139.0,13.0,SkyZ,Mauvaise,0
9.1,93.6,77.0,14.0,FlyY,Bonne,0
10.2,68.9,131.0,24.0,FlyY,Bonne,0
6.0,102.3,154.0,0.0,FlyY,Bonne,0
16.4,101.0,110.0,33.0,AirX,Moyenne,1
0.6,92.4,111.0,8.0,FlyY,Bonne,0
5.6,109.7,135.0,21.0,FlyY,Moyenne,0
4.4,80.7,63.0,24.0,AirX,Bonne,0
6.0,181.3,86.0,24.0,FlyY,Bonne,0
10.2,118.9,97.0,18.0,AirX,Bonne,0
4.7,184.6,169.0,8.0,AirX,Mauvaise,0
9.8,160.2,88.0,11.0,AirX,Moyenne,0
-15.0,238.8,97.0,46.0,SkyZ,Mauvaise,1
8.0,185.0,88.0,15.0,FlyY,Bonne,0
14.7,227.6,101.0,43.0,SkyZ,Moyenne,1
7.3,170.3,187.0,19.0,FlyY,Moyenne,0
4.8,106.1,124.0,30.0,FlyY,Bonne,0
11.1,136.0,146.0,12.0,FlyY,Moyenne,0
15.8,126.5,97.0,36.0,FlyY,Mauvaise,1
5.2,124.6,129.0,6.0,AirX,Moyenne,0
9.5,148.3,149.0,32.0,FlyY,Moyenne,0
7.4,77.2,126.0,0.0,AirX,Bonne,0
10.3,109.9,111.0,16.0,FlyY,Bonne,0
10.5,115.0,195.0,10.0,FlyY,Mauvaise,0
6.8,99.2,102.0,13.0,AirX,Bonne,0
19.0,81.2,187.0,25.0,AirX,Moyenne,1
10.8,90.4,50.0,7.0,FlyY,Moyenne,0
9.4,115.7,116.0,24.0,FlyY,Moyenne,0
18.0,130.5,173.0,34.0,AirX,Mauvaise,1
3.4,159.2,64.0,21.0,SkyZ,Bonne,0
14.5,115.6,114.0,20.0,AirX,Bonne,0
3.4,95.5,134.0,1.0,FlyY,Bonne,0
19.2,151.7,94.0,19.0,SkyZ,Bonne,0
6.2,179.7,97.0,17.0,AirX,Bonne,0
2.5,122.3,125.0,29.0,AirX,Bonne,0
10.4,119.6,89.0,9.0,AirX,Moyenne,0
12.6,236.8,98.0,38.0,FlyY,Mauvaise,1
7.7,163.8,97.0,16.0,AirX,Bonne,0
1.7,120.0,141.0,25.0,FlyY,Bonne,0
20.7,181.5,155.0,15.0,AirX,Mauvaise,1
9.1,83.2,128.0,31.0,FlyY,Bonne,0
10.6,115.1,146.0,42.0,SkyZ,Bonne,0
1.8,124.3,70.0,21.0,SkyZ,Bonne,0
12.2,145.9,50.0,22.0,FlyY,Bonne,0
8.0,91.7,68.0,9.0,FlyY,Bonne,0
23.0,173.2,195.0,14.0,FlyY,Mauvaise,1
7.4,90.0,153.0,16.0,FlyY,Bonne,0
8.9,136.2,133.0,14.0,FlyY,Bonne,0
-15.0,138.3,123.0,25.0,AirX,Bonne,0
5.1,114.6,155.0,16.0,SkyZ,Bonne,0
13.7,181.2,113.0,32.0,FlyY,Moyenne,1
18.4,141.8,136.0,31.0,AirX,Moyenne,1
8.0,127.6,85.0,13.0,FlyY,Moyenne,0
9.2,141.8,158.0,24.0,FlyY,Bonne,0
21.2,212.8,141.0,30.0,SkyZ,Mauvaise,1
4.8,144.8,59.0,11.0,FlyY,Moyenne,0
0.5,154.2,130.0,7.0,FlyY,Moyenne,0
9.7,128.7,185.0,18.0,AirX,Bonne,0
3.6,120.8,64.0,20.0,FlyY,Bonne,0
0.0,158.4,117.0,18.0,FlyY,Bonne,0
4.0,112.8,115.0,19.0,AirX,Moyenne,0
6.2,102.0,92.0,11.0,AirX,Bonne,0
4.1,117.2,125.0,19.0,FlyY,Bonne,0
18.0,156.7,81.0,24.0,AirX,Moyenne,1
8.9,103.8,164.0,14.0,FlyY,Moyenne,0
1.0,149.8,110.0,5.0,AirX,Mauvaise,0
3.5,172.8,118.0,14.0,AirX,Bonne,0
6.2,115.3,108.0,10.0,AirX,Moyenne,0
7.3,82.7,112.0,17.0,SkyZ,Bonne,0
12.5,136.8,140.0,25.0,SkyZ,Bonne,0
10.7,143.5,90.0,0.0,SkyZ,Bonne,0
8.5,125.0,129.0,7.0,FlyY,Bonne,0
17.3,225.4,171.0,34.0,AirX,Bonne,1
2.8,90.7,113.0,9.0,FlyY,Moyenne,0
7.4,131.5,57.0,25.0,FlyY,Bonne,0
19.7,219.8,146.0,40.0,SkyZ,Moyenne,1
2.8,131.0,121.0,19.0,AirX,Bonne,0
16.1,168.9,186.0,39.0,FlyY,Bonne,1
2.8,145.4,102.0,20.0,AirX,Bonne,0
0.0,145.0,143.0,12.0,FlyY,Bonne,0
17.8,191.7,200.0,15.0,FlyY,Bonne,1
7.6,95.6,140.0,16.0,FlyY,Bonne,0
7.3,120.4,100.0,14.0,FlyY,Bonne,0
5.4,126.1,136.0,6.0,FlyY,Bonne,0
12.3,107.9,144.0,32.0,FlyY,Bonne,0
13.5,196.1,138.0,20.0,FlyY,Mauvaise,1
7.8,96.7,123.0,16.0,SkyZ,Bonne,0
4.4,144.0,132.0,15.0,SkyZ,Moyenne,0
4.6,143.0,102.0,15.0,FlyY,Moyenne,0
17.3,176.8,160.0,33.0,FlyY,Mauvaise,1
21.9,213.2,182.0,32.0,FlyY,Moyenne,1
9.9,160.5,142.0,14.0,FlyY,Bonne,0
23.0,195.1,87.0,21.0,AirX,Moyenne,1
8.8,105.1,196.0,10.0,SkyZ,Moyenne,0
3.5,137.6,135.0,19.0,AirX,Bonne,0
14.1,137.0,134.0,22.0,SkyZ,Bonne,0
11.8,156.0,141.0,10.0,FlyY,Bonne,0
8.8,196.1,127.0,41.0,FlyY,Moyenne,1
11.5,132.8,61.0,24.0,FlyY,Moyenne,0
4.9,142.8,70.0,12.0,SkyZ,Bonne,0
4.2,102.6,179.0,7.0,FlyY,Bonne,0
9.4,94.2,97.0,0.0,FlyY,Bonne,0
2.6,92.3,117.0,18.0,AirX,Bonne,0
0.0,82.1,117.0,8.0,FlyY,Mauvaise,0
12.4,135.4,135.0,18.0,AirX,Bonne,0
3.3,165.5,68.0,25.0,FlyY,Bonne,0
5.0,131.4,117.0,17.0,FlyY,Bonne,0
3.4,121.7,170.0,26.0,FlyY,Moyenne,0
10.2,86.2,134.0,26.0,AirX,Bonne,0
7.3,95.5,83.0,9.0,AirX,Moyenne,0
18.4,204.2,169.0,15.0,FlyY,Bonne,1
12.8,130.0,133.0,21.0,AirX,Bonne,0
12.6,145.0,108.0,11.0,AirX,Bonne,0
4.0,66.5,150.0,15.0,AirX,Bonne,0
8.5,133.2,50.0,11.0,SkyZ,Bonne,0
13.5,127.8,195.0,25.0,FlyY,Mauvaise,1
0.0,143.0,87.0,0.0,FlyY,Moyenne,0
8.9,110.5,177.0,24.0,AirX,Mauvaise,0
7.8,107.7,162.0,9.0,FlyY,Bonne,0
19.4,159.4,200.0,45.0,FlyY,Mauvaise,1
13.1,119.7,169.0,22.0,FlyY,Bonne,0
5.6,122.6,157.0,15.0,AirX,Bonne,0
8.5,147.7,88.0,6.0,AirX,Bonne,0
10.6,152.7,95.0,21.0,AirX,Bonne,0
4.2,149.0,158.0,17.0,FlyY,Moyenne,0
3.2,133.0,94.0,3.0,FlyY,Bonne,0
4.0,148.0,174.0,15.0,AirX,Bonne,0
14.5,205.2,128.0,19.0,AirX,Moyenne,1
4.7,135.9,114.0,21.0,AirX,Bonne,0
7.0,74.2,151.0,10.0,SkyZ,Bonne,0
16.2,143.1,91.0,11.0,AirX,Bonne,0
13.0,80.6,146.0,22.0,FlyY,Moyenne,0
21.4,140.1,149.0,14.0,FlyY,Moyenne,1
5.1,102.1,50.0,21.0,FlyY,Bonne,0
9.4,103.2,89.0,15.0,AirX,Bonne,0
16.7,183.6,149.0,22.0,AirX,Bonne,1
1.1,121.8,137.0,20.0,FlyY,Moyenne,0
5.6,112.6,116.0,6.0,FlyY,Bonne,0
0.0,124.3,79.0,13.0,FlyY,Bonne,0
6.5,136.9,110.0,10.0,FlyY,Bonne,0
4.8,118.2,93.0,4.0,AirX,Bonne,0
15.9,223.9,67.0,25.0,SkyZ,Bonne,1
5.8,128.3,83.0,18.0,FlyY,Moyenne,0
5.4,142.4,159.0,0.0,AirX,Bonne,0
0.1,105.6,188.0,18.0,SkyZ,Bonne,0
22.8,218.2,200.0,31.0,FlyY,Moyenne,1
17.2,151.2,144.0,50.0,FlyY,Moyenne,1
8.2,170.3,114.0,21.0,FlyY,Bonne,0
12.2,108.6,127.0,29.0,SkyZ,Bonne,0
7.1,150.8,79.0,28.0,FlyY,Bonne,0
6.7,129.0,50.0,18.0,AirX,Mauvaise,0
14.1,108.9,114.0,27.0,FlyY,Bonne,0
21.4,170.4,119.0,33.0,SkyZ,Mauvaise,1
15.0,163.4,154.0,30.0,AirX,Moyenne,1
13.2,127.1,102.0,28.0,FlyY,Bonne,0
9.7,140.2,87.0,17.0,FlyY,Bonne,0
17.4,180.4,200.0,22.0,FlyY,Bonne,1
2.4,93.6,138.0,31.0,FlyY,Bonne,0
1.6,100.9,136.0,19.0,SkyZ,Bonne,0
6.6,117.6,129.0,20.0,AirX,Moyenne,0
14.1,164.4,150.0,23.0,AirX,Mauvaise,1
1.1,57.2,111.0,12.0,AirX,Bonne,0
12.3,86.8,58.0,20.0,SkyZ,Moyenne,0
7.4,108.0,50.0,3.0,FlyY,Bonne,0
15.1,131.0,132.0,0.0,AirX,Bonne,0
0.0,57.1,155.0,15.0,SkyZ,Bonne,0
0.0,93.0,154.0,18.0,SkyZ,Moyenne,0
9.4,93.0,50.0,11.0,SkyZ,Mauvaise,0
8.4,164.0,200.0,12.0,SkyZ,Moyenne,0
4.5,130.4,168.0,30.0,AirX,Bonne,0
8.0,121.7,61.0,21.0,FlyY,Bonne,0
19.3,183.2,156.0,28.0,FlyY,Bonne,1
9.9,135.7,107.0,11.0,SkyZ,Bonne,0
8.0,110.1,141.0,18.0,FlyY,Moyenne,0
7.9,107.1,158.0,20.0,FlyY,Moyenne,0
3.3,80.1,76.0,6.0,FlyY,Moyenne,0
1.4,91.7,98.0,19.0,AirX,Bonne,0
6.1,113.7,182.0,21.0,FlyY,Bonne,0
16.5,264.8,140.0,48.0,SkyZ,Bonne,1
2.0,88.4,105.0,14.0,SkyZ,Bonne,0
8.8,102.2,104.0,26.0,AirX,Bonne,0
0.0,168.5,105.0,9.0,AirX,Moyenne,0
22.5,197.3,114.0,25.0,AirX,Moyenne,1
4.9,92.7,152.0,12.0,FlyY,Bonne,0
9.1,144.0,131.0,13.0,SkyZ,Bonne,0
5.7,118.6,92.0,7.0,AirX,Bonne,0
3.6,135.9,106.0,0.0,FlyY,Bonne,0
15.6,89.9,148.0,9.0,SkyZ,Moyenne,0
4.0,76.8,109.0,7.0,FlyY,Bonne,0
6.6,113.7,86.0,17.0,FlyY,Bonne,0
5.0,139.5,98.0,21.0,FlyY,Bonne,0
8.4,101.4,97.0,11.0,FlyY,Moyenne,0
1.9,43.7,85.0,26.0,AirX,Bonne,0
6.7,126.9,50.0,12.0,FlyY,Bonne,0
5.3,93.6,113.0,15.0,FlyY,Bonne,0
11.6,53.2,91.0,11.0,SkyZ,Moyenne,0
16.5,158.8,146.0,40.0,FlyY,Mauvaise,1
3.8,93.9,50.0,13.0,FlyY,Bonne,0
4.6,87.6,131.0,0.0,AirX,Moyenne,0
20.1,209.0,198.0,20.0,FlyY,Mauvaise,1
19.7,152.6,161.0,30.0,AirX,Mauvaise,1
6.4,103.0,138.0,15.0,AirX,Moyenne,0
0.0,82.0,111.0,15.0,FlyY,Moyenne,0
6.3,112.6,150.0,11.0,SkyZ,Bonne,0
17.0,183.7,174.0,18.0,AirX,Moyenne,1
-15.0,110.6,118.0,28.0,FlyY,Bonne,0
7.8,138.7,149.0,19.0,SkyZ,Moyenne,0
1.8,163.8,151.0,30.0,AirX,Bonne,0
3.5,67.4,169.0,22.0,FlyY,Moyenne,0
6.3,101.8,124.0,19.0,FlyY,Moyenne,0
17.5,179.0,143.0,36.0,FlyY,Bonne,1
5.7,153.5,81.0,13.0,AirX,Moyenne,0
16.7,191.4,200.0,32.0,FlyY,Bonne,1
22.1,168.8,109.0,29.0,FlyY,Moyenne,1
9.4,37.1,78.0,19.0,FlyY,Bonne,0
20.1,164.3,151.0,26.0,AirX,Bonne,1
12.7,148.1,148.0,19.0,FlyY,Mauvaise,0
14.2,113.0,104.0,20.0,AirX,Bonne,0
6.2,135.6,84.0,9.0,FlyY,Moyenne,0
11.0,122.0,101.0,14.0,AirX,Bonne,0
6.3,122.2,120.0,14.0,SkyZ,Bonne,0
8.9,143.8,185.0,16.0,FlyY,Bonne,0
10.4,118.5,134.0,23.0,FlyY,Bonne,0
11.1,123.8,94.0,14.0,AirX,Bonne,0
10.6,134.4,129.0,9.0,FlyY,Bonne,0
6.3,148.4,74.0,0.0,SkyZ,Bonne,0
9.0,155.8,155.0,18.0,SkyZ,Bonne,0
18.5,164.2,137.0,10.0,FlyY,Mauvaise,1
8.0,54.9,86.0,10.0,FlyY,Mauvaise,0
7.3,132.9,105.0,8.0,FlyY,Bonne,0
23.0,137.3,158.0,29.0,SkyZ,Moyenne,1
5.7,99.1,80.0,13.0,FlyY,Bonne,0
18.0,114.2,155.0,28.0,FlyY,Moyenne,1
10.3,137.6,132.0,26.0,FlyY,Moyenne,0
5.1,119.6,120.0,15.0,FlyY,Mauvaise,0
7.5,41.5,155.0,9.0,AirX,Bonne,0
6.1,153.2,87.0,13.0,FlyY,Moyenne,0
3.3,155.9,159.0,24.0,FlyY,Bonne,0
18.9,160.0,118.0,47.0,FlyY,Mauvaise,1
21.2,152.2,192.0,39.0,AirX,Bonne,1
9.5,129.5,114.0,4.0,FlyY,Moyenne,0
19.4,188.7,122.0,16.0,FlyY,Moyenne,1
11.8,99.8,87.0,10.0,FlyY,Moyenne,0
12.8,86.3,93.0,9.0,AirX,Bonne,0
15.0,143.0,150.0,23.0,FlyY,Mauvaise,0
6.6,112.0,165.0,19.0,FlyY,Bonne,0
18.8,250.9,174.0,40.0,FlyY,Moyenne,1
8.2,102.4,159.0,6.0,FlyY,Bonne,0
8.0,172.1,112.0,21.0,FlyY,Bonne,0
8.5,81.6,89.0,24.0,SkyZ,Bonne,0
4.7,112.4,108.0,22.0,AirX,Bonne,0
10.9,81.8,119.0,8.0,SkyZ,Bonne,0
5.6,125.9,100.0,25.0,FlyY,Bonne,0
5.2,95.8,92.0,23.0,AirX,Bonne,0
15.7,183.1,174.0,36.0,AirX,Moyenne,1
8.0,98.8,107.0,6.0,FlyY,Moyenne,0
9.3,93.2,128.0,12.0,FlyY,Bonne,0
6.8,93.8,120.0,24.0,FlyY,Bonne,0
7.6,56.3,90.0,25.0,FlyY,Bonne,0
8.8,100.8,81.0,19.0,FlyY,Bonne,0
6.5,121.7,180.0,14.0,FlyY,Moyenne,0
-15.0,165.4,98.0,28.0,AirX,Moyenne,1
9.0,150.8,136.0,9.0,FlyY,Bonne,0
2.3,130.6,124.0,10.0,FlyY,Bonne,0
13.1,60.6,79.0,11.0,AirX,Bonne,0
4.4,189.5,133.0,20.0,AirX,Moyenne,0
7.1,92.7,88.0,17.0,FlyY,Mauvaise,0
7.7,102.3,115.0,6.0,FlyY,Bonne,0
5.9,85.6,78.0,18.0,SkyZ,Bonne,0
9.0,124.6,125.0,24.0,SkyZ,Moyenne,0
22.0,89.7,172.0,31.0,FlyY,Mauvaise,1
20.7,216.6,142.0,15.0,FlyY,Bonne,1
3.3,151.6,101.0,17.0,FlyY,Bonne,0
11.7,73.7,131.0,15.0,FlyY,Bonne,0
5.1,122.3,130.0,16.0,AirX,Bonne,0
5.0,79.8,65.0,26.0,FlyY,Bonne,0
5.7,143.3,141.0,7.0,SkyZ,Bonne,0
2.4,112.6,93.0,19.0,FlyY,Bonne,0
0.0,84.0,110.0,30.0,FlyY,Bonne,0
17.4,190.0,174.0,18.0,FlyY,Moyenne,1
0.0,134.0,151.0,12.0,AirX,Bonne,0
3.2,125.0,75.0,10.0,FlyY,Bonne,0
7.2,146.2,111.0,28.0,FlyY,Bonne,0
12.3,176.6,125.0,19.0,AirX,Bonne,0
23.0,221.2,124.0,40.0,AirX,Mauvaise,1
15.8,123.8,145.0,15.0,SkyZ,Bonne,0
12.9,171.6,77.0,17.0,AirX,Bonne,0
6.3,95.7,59.0,33.0,FlyY,Moyenne,0
11.5,78.4,99.0,10.0,AirX,Bonne,0
19.8,177.9,172.0,27.0,SkyZ,Mauvaise,1
4.7,111.0,118.0,13.0,AirX,Bonne,0
7.4,175.4,146.0,8.0,FlyY,Bonne,0
6.9,107.9,174.0,24.0,SkyZ,Bonne,0
8.2,264.5,158.0,21.0,SkyZ,Bonne,1
7.8,94.9,124.0,7.0,AirX,Moyenne,0
10.3,144.1,118.0,32.0,SkyZ,Moyenne,0
-15.0,97.4,130.0,23.0,FlyY,Bonne,0
5.4,96.0,150.0,7.0,FlyY,Bonne,0
9.3,155.5,139.0,12.0,AirX,Moyenne,0
21.6,158.0,160.0,32.0,AirX,Mauvaise,1
10.9,91.9,118.0,4.0,FlyY,Bonne,0
5.6,130.9,117.0,21.0,FlyY,Bonne,0
13.6,116.1,190.0,13.0,FlyY,Bonne,0
22.8,235.4,128.0,2.0,FlyY,Moyenne,1
5.8,132.5,122.0,24.0,FlyY,Bonne,0
8.8,66.0,105.0,33.0,AirX,Bonne,0
8.5,118.3,157.0,24.0,FlyY,Moyenne,0
7.2,70.6,128.0,9.0,AirX,Bonne,0
3.7,140.5,135.0,24.0,FlyY,Bonne,0
8.9,123.0,136.0,0.0,FlyY,Bonne,0
2.8,117.4,123.0,15.0,SkyZ,Bonne,0
7.1,74.8,146.0,20.0,AirX,Bonne,0
3.7,129.6,98.0,14.0,AirX,Bonne,0
14.2,133.2,120.0,31.0,AirX,Bonne,0
